source_file,unit_type,unit_index,text_length,table_like_score,number_count,percent_count,currency_count,date_count,zero_like_count
20_raw_data/pdf/城市绿心公园区域大数据分析报告-20221023-20231022(1).pdf,page,1,45,2,2,0,0,2,0
20_raw_data/pdf/城市绿心公园区域大数据分析报告-20221023-20231022(1).pdf,page,2,617,10,67,0,0,56,1
20_raw_data/pdf/城市绿心公园区域大数据分析报告-20221023-20231022(1).pdf,page,3,208,10,29,0,0,2,1
20_raw_data/pdf/城市绿心公园区域大数据分析报告-20221023-20231022(1).pdf,page,4,263,22,37,16,0,3,4
20_raw_data/pdf/城市绿心公园区域大数据分析报告-20221023-20231022(1).pdf,page,5,155,10,14,0,0,2,5
20_raw_data/pdf/城市绿心公园区域大数据分析报告-20221023-20231022(1).pdf,page,6,204,22,34,20,0,2,5
20_raw_data/pdf/城市绿心公园区域大数据分析报告-20221023-20231022(1).pdf,page,7,371,24,37,16,0,2,0
20_raw_data/pdf/城市绿心公园区域大数据分析报告-20221023-20231022(1).pdf,page,8,482,24,48,22,0,2,20
20_raw_data/pdf/城市绿心公园区域大数据分析报告-20221023-20231022(1).pdf,page,9,221,16,15,0,4,2,0
20_raw_data/pdf/城市绿心公园区域大数据分析报告-20221023-20231022(1).pdf,page,10,685,16,62,0,19,2,0
20_raw_data/pdf/城市绿心公园区域大数据分析报告-20221023-20231022(1).pdf,page,11,502,16,44,0,0,2,0
20_raw_data/pdf/城市绿心公园区域大数据分析报告-20221023-20231022(1).pdf,page,12,463,16,44,0,0,2,0
20_raw_data/pdf/城市绿心公园区域大数据分析报告-20221023-20231022(1).pdf,page,13,517,16,43,0,0,2,0
20_raw_data/pdf/城市绿心公园区域大数据分析报告-20221023-20231022(1).pdf,page,14,511,16,43,0,0,2,0
20_raw_data/pdf/城市绿心公园区域大数据分析报告-20221023-20231022(1).pdf,page,15,460,16,43,0,0,2,0
20_raw_data/pdf/城市绿心公园区域大数据分析报告-20221023-20231022(1).pdf,page,16,498,16,43,0,0,2,0
20_raw_data/pdf/城市绿心公园区域大数据分析报告-20221023-20231022(1).pdf,page,17,498,16,43,0,0,2,0
20_raw_data/pdf/城市绿心公园区域大数据分析报告-20221023-20231022(1).pdf,page,18,654,16,62,0,18,2,0
20_raw_data/pdf/城市绿心公园区域大数据分析报告-20221023-20231022(1).pdf,page,19,578,16,43,0,2,2,0
20_raw_data/pdf/城市绿心公园区域大数据分析报告-20221023-20231022(1).pdf,page,20,479,16,43,0,0,2,0
20_raw_data/pdf/城市绿心公园区域大数据分析报告-20221023-20231022(1).pdf,page,21,439,16,43,0,0,2,0
20_raw_data/pdf/城市绿心公园区域大数据分析报告-20221023-20231022(1).pdf,page,22,547,16,43,0,0,2,0
20_raw_data/pdf/城市绿心公园区域大数据分析报告-20221023-20231022(1).pdf,page,23,468,16,43,0,0,2,0
20_raw_data/pdf/城市绿心公园区域大数据分析报告-20221023-20231022(1).pdf,page,24,457,16,43,0,0,2,0
20_raw_data/pdf/城市绿心公园区域大数据分析报告-20221023-20231022(1).pdf,page,25,372,14,43,0,0,2,0
20_raw_data/pdf/城市绿心公园区域大数据分析报告-20221023-20231022(1).pdf,page,26,371,14,44,0,0,2,0
20_raw_data/pdf/城市绿心公园区域大数据分析报告-20221023-20231022(1).pdf,page,27,383,14,44,0,0,2,0
20_raw_data/pdf/城市绿心公园区域大数据分析报告-20221023-20231022(1).pdf,page,28,417,14,43,0,0,2,0
20_raw_data/pdf/城市绿心公园区域大数据分析报告-20221023-20231022(1).pdf,page,29,422,14,43,0,0,2,0
20_raw_data/pdf/城市绿心公园区域大数据分析报告-20221023-20231022(1).pdf,page,30,362,14,43,0,0,2,0
20_raw_data/pdf/城市绿心公园区域大数据分析报告-20221023-20231022(1).pdf,page,31,392,14,44,0,0,2,0
20_raw_data/pdf/城市绿心公园区域大数据分析报告-20221023-20231022(1).pdf,page,32,379,14,47,0,0,2,0
20_raw_data/pdf/城市绿心公园区域大数据分析报告-20221023-20231022(1).pdf,page,33,394,14,43,0,0,2,0
20_raw_data/pdf/城市绿心公园区域大数据分析报告-20221023-20231022(1).pdf,page,34,378,14,43,0,0,2,0
20_raw_data/pdf/城市绿心公园区域大数据分析报告-20221023-20231022(1).pdf,page,35,401,24,35,22,0,2,0
20_raw_data/pdf/城市绿心公园区域大数据分析报告-20221023-20231022(1).pdf,page,36,162,20,11,6,0,2,0
20_raw_data/pdf/城市绿心公园区域大数据分析报告-20221023-20231022(1).pdf,page,37,352,24,35,22,0,2,0
20_raw_data/pdf/城市绿心公园区域大数据分析报告-20221023-20231022(1).pdf,page,38,274,24,28,12,0,2,1
20_raw_data/pdf/城市绿心公园区域大数据分析报告-20221023-20231022(1).pdf,page,39,370,24,70,18,0,2,3
20_raw_data/pdf/城市绿心公园区域大数据分析报告-20221023-20231022(1).pdf,page,40,298,24,33,16,0,2,1
20_raw_data/pdf/城市绿心公园区域大数据分析报告-20221023-20231022(1).pdf,page,41,375,24,65,16,0,2,1
20_raw_data/pdf/城市绿心公园区域大数据分析报告-20221023-20231022(1).pdf,page,42,190,22,14,8,0,2,0
20_raw_data/pdf/城市绿心公园区域大数据分析报告-20221023-20231022(1).pdf,page,43,295,22,14,11,0,2,0
20_raw_data/pdf/城市绿心公园区域大数据分析报告-20221023-20231022(1).pdf,page,44,257,20,14,11,0,2,0
20_raw_data/pdf/城市绿心公园区域大数据分析报告-20221023-20231022(1).pdf,page,45,243,22,14,11,0,2,0
20_raw_data/pdf/城市绿心公园区域大数据分析报告-20221023-20231022(1).pdf,page,46,204,22,14,11,0,2,5
20_raw_data/pdf/城市绿心公园区域大数据分析报告-20221023-20231022(1).pdf,page,47,248,22,14,11,0,2,3
20_raw_data/pdf/城市绿心公园区域大数据分析报告-20221023-20231022(1).pdf,page,48,252,22,14,11,0,2,6
20_raw_data/pdf/城市绿心公园区域大数据分析报告-20221023-20231022(1).pdf,page,49,527,24,80,20,0,4,4
20_raw_data/pdf/城市绿心公园区域大数据分析报告-20221023-20231022(1).pdf,page,50,272,24,28,12,0,2,2
20_raw_data/pdf/城市绿心公园区域大数据分析报告-20221023-20231022(1).pdf,page,51,344,22,39,22,0,2,0
20_raw_data/pdf/城市绿心公园区域大数据分析报告-20221023-20231022(1).pdf,page,52,223,22,22,8,0,2,1
20_raw_data/pdf/城市绿心公园区域大数据分析报告-20221023-20231022(1).pdf,page,53,398,24,64,16,16,2,1
20_raw_data/pdf/城市绿心公园区域大数据分析报告-20221023-20231022(1).pdf,page,54,178,20,11,6,0,2,0
20_raw_data/pdf/城市绿心公园区域大数据分析报告-20221023-20231022(1).pdf,page,55,327,24,56,14,0,2,1
20_raw_data/pdf/城市绿心公园区域大数据分析报告-20221023-20231022(1).pdf,page,56,282,24,30,12,0,2,1
20_raw_data/pdf/城市绿心公园区域大数据分析报告-20221023-20231022(1).pdf,page,57,606,24,90,22,0,3,2
20_raw_data/pdf/城市绿心公园区域大数据分析报告-20221023-20231022(1).pdf,page,58,284,24,29,12,0,2,1
20_raw_data/pdf/城市绿心公园区域大数据分析报告-20221023-20231022(1).pdf,page,59,477,24,74,20,20,2,1
20_raw_data/pdf/城市绿心公园区域大数据分析报告-20221023-20231022(1).pdf,page,60,306,24,49,14,0,2,0
20_raw_data/pdf/城市绿心公园区域大数据分析报告-20221023-20231022(1).pdf,page,61,258,24,20,12,0,2,0
20_raw_data/pdf/城市绿心公园区域大数据分析报告-20221023-20231022(1).pdf,page,62,360,22,47,22,0,2,0
20_raw_data/pdf/城市绿心公园区域大数据分析报告-20221023-20231022(1).pdf,page,63,164,20,11,6,0,2,0
20_raw_data/pdf/城市绿心公园区域大数据分析报告-20221023-20231022(1).pdf,page,64,226,24,17,10,0,2,0
20_raw_data/pdf/城市绿心公园区域大数据分析报告-20221023-20231022(1).pdf,page,65,168,20,11,6,0,2,0
20_raw_data/pdf/城市绿心公园区域大数据分析报告-20221023-20231022(1).pdf,page,66,252,22,20,12,0,2,0
20_raw_data/pdf/城市绿心公园区域大数据分析报告-20221023-20231022(1).pdf,page,67,383,22,35,22,0,2,7
20_raw_data/pdf/城市绿心公园区域大数据分析报告-20221023-20231022(1).pdf,page,68,341,22,35,22,0,2,10
20_raw_data/pdf/城市绿心公园区域大数据分析报告-20221023-20231022(1).pdf,page,69,348,22,35,22,0,2,7
20_raw_data/pdf/城市绿心公园区域大数据分析报告-20221023-20231022(1).pdf,page,70,332,22,35,22,0,2,6
20_raw_data/pdf/城市绿心公园区域大数据分析报告-20221023-20231022(1).pdf,page,71,264,22,23,14,0,2,1
20_raw_data/pdf/城市绿心公园区域大数据分析报告-20221023-20231022(1).pdf,page,72,361,22,35,22,0,2,8
20_raw_data/pdf/城市绿心公园区域大数据分析报告-20221023-20231022(1).pdf,page,73,281,22,26,16,0,2,2
20_raw_data/pdf/城市绿心公园区域大数据分析报告-20221023-20231022(1).pdf,page,74,374,22,35,22,0,2,0
20_raw_data/pdf/城市绿心公园区域大数据分析报告-20221023-20231022(1).pdf,page,75,202,18,11,6,0,2,0
20_raw_data/pdf/城市绿心公园区域大数据分析报告-20221023-20231022(1).pdf,page,76,223,22,17,10,0,2,0
20_raw_data/pdf/城市绿心公园区域大数据分析报告-20221023-20231022(1).pdf,page,77,361,22,35,22,0,2,0
20_raw_data/pdf/城市绿心公园区域大数据分析报告-20221023-20231022(1).pdf,page,78,240,22,20,12,0,2,1
20_raw_data/pdf/城市绿心公园区域大数据分析报告-20221023-20231022(1).pdf,page,79,243,22,20,12,0,2,0
20_raw_data/pdf/城市绿心公园区域大数据分析报告-20221023-20231022(1).pdf,page,80,348,22,35,22,0,2,0
20_raw_data/pdf/城市绿心公园区域大数据分析报告-20221023-20231022(1).pdf,page,81,259,22,23,14,0,2,3
20_raw_data/pdf/城市绿心公园区域大数据分析报告-20221023-20231022(1).pdf,page,82,349,22,35,22,0,2,1
20_raw_data/pdf/城市绿心公园区域大数据分析报告-20221023-20231022(1).pdf,page,83,284,22,26,16,0,2,2
20_raw_data/pdf/城市绿心公园区域大数据分析报告-20221023-20231022(1).pdf,page,84,348,22,35,22,0,2,0
20_raw_data/pdf/城市绿心公园区域大数据分析报告-20221023-20231022(1).pdf,page,85,351,22,35,22,0,2,0
20_raw_data/pdf/城市绿心公园区域大数据分析报告-20221023-20231022(1).pdf,page,86,346,22,35,22,0,2,4
20_raw_data/pdf/城市绿心公园区域大数据分析报告-20221023-20231022(1).pdf,page,87,262,22,23,14,0,2,2
20_raw_data/pdf/城市绿心公园区域大数据分析报告-20221023-20231022(1).pdf,page,88,281,22,26,16,0,2,2
20_raw_data/pdf/城市绿心公园区域大数据分析报告-20221023-20231022(1).pdf,page,89,261,22,23,14,0,2,2
20_raw_data/pdf/城市绿心公园区域大数据分析报告-20221023-20231022(1).pdf,page,90,235,22,20,12,0,2,0
20_raw_data/pdf/城市绿心公园区域大数据分析报告-20221023-20231022(1).pdf,page,91,395,24,44,22,0,2,3
20_raw_data/pdf/城市绿心公园区域大数据分析报告-20221023-20231022(1).pdf,page,92,424,24,58,22,0,3,1
20_raw_data/pdf/城市绿心公园区域大数据分析报告-20221023-20231022(1).pdf,page,93,20,0,0,0,0,0,0
20_raw_data/pdf/奥林匹克森林公园区域大数据分析报告-20241230-202512291772157987.pdf,page,1,36,2,2,0,0,2,0
20_raw_data/pdf/奥林匹克森林公园区域大数据分析报告-20241230-202512291772157987.pdf,page,2,599,10,66,0,0,56,1
20_raw_data/pdf/奥林匹克森林公园区域大数据分析报告-20241230-202512291772157987.pdf,page,3,127,4,18,0,0,4,11
20_raw_data/pdf/奥林匹克森林公园区域大数据分析报告-20241230-202512291772157987.pdf,page,4,599,10,66,0,0,56,1
20_raw_data/pdf/奥林匹克森林公园区域大数据分析报告-20241230-202512291772157987.pdf,page,5,127,4,18,0,0,4,11
20_raw_data/pdf/奥林匹克森林公园区域大数据分析报告-20241230-202512291772157987.pdf,page,6,599,10,66,0,0,56,1
20_raw_data/pdf/奥林匹克森林公园区域大数据分析报告-20241230-202512291772157987.pdf,page,7,127,4,18,0,0,4,11
20_raw_data/pdf/奥林匹克森林公园区域大数据分析报告-20241230-202512291772157987.pdf,page,8,195,10,28,0,0,2,1
20_raw_data/pdf/奥林匹克森林公园区域大数据分析报告-20241230-202512291772157987.pdf,page,9,127,4,18,0,0,4,11
20_raw_data/pdf/奥林匹克森林公园区域大数据分析报告-20241230-202512291772157987.pdf,page,10,209,10,31,0,0,2,1
20_raw_data/pdf/奥林匹克森林公园区域大数据分析报告-20241230-202512291772157987.pdf,page,11,127,4,18,0,0,4,11
20_raw_data/pdf/奥林匹克森林公园区域大数据分析报告-20241230-202512291772157987.pdf,page,12,209,10,31,0,0,2,1
20_raw_data/pdf/奥林匹克森林公园区域大数据分析报告-20241230-202512291772157987.pdf,page,13,127,4,18,0,0,4,11
20_raw_data/pdf/奥林匹克森林公园区域大数据分析报告-20241230-202512291772157987.pdf,page,14,264,22,40,19,0,3,5
20_raw_data/pdf/奥林匹克森林公园区域大数据分析报告-20241230-202512291772157987.pdf,page,15,263,22,40,19,0,3,5
20_raw_data/pdf/奥林匹克森林公园区域大数据分析报告-20241230-202512291772157987.pdf,page,16,268,22,41,20,0,3,5
20_raw_data/pdf/奥林匹克森林公园区域大数据分析报告-20241230-202512291772157987.pdf,page,17,258,22,38,16,0,3,4
20_raw_data/pdf/奥林匹克森林公园区域大数据分析报告-20241230-202512291772157987.pdf,page,18,268,22,41,20,0,3,5
20_raw_data/pdf/奥林匹克森林公园区域大数据分析报告-20241230-202512291772157987.pdf,page,19,146,10,14,0,0,2,5
20_raw_data/pdf/奥林匹克森林公园区域大数据分析报告-20241230-202512291772157987.pdf,page,20,117,7,8,0,0,2,0
20_raw_data/pdf/奥林匹克森林公园区域大数据分析报告-20241230-202512291772157987.pdf,page,21,327,12,28,0,0,2,0
20_raw_data/pdf/奥林匹克森林公园区域大数据分析报告-20241230-202512291772157987.pdf,page,22,207,22,36,21,0,2,5
20_raw_data/pdf/奥林匹克森林公园区域大数据分析报告-20241230-202512291772157987.pdf,page,23,461,24,53,22,1,2,22
20_raw_data/pdf/奥林匹克森林公园区域大数据分析报告-20241230-202512291772157987.pdf,page,24,509,24,48,22,0,2,8
20_raw_data/pdf/奥林匹克森林公园区域大数据分析报告-20241230-202512291772157987.pdf,page,25,461,24,53,22,1,2,22
20_raw_data/pdf/奥林匹克森林公园区域大数据分析报告-20241230-202512291772157987.pdf,page,26,211,15,12,0,3,2,0
20_raw_data/pdf/奥林匹克森林公园区域大数据分析报告-20241230-202512291772157987.pdf,page,27,370,16,23,0,0,2,0
20_raw_data/pdf/奥林匹克森林公园区域大数据分析报告-20241230-202512291772157987.pdf,page,28,274,15,15,0,0,2,0
20_raw_data/pdf/奥林匹克森林公园区域大数据分析报告-20241230-202512291772157987.pdf,page,29,131,9,5,0,0,2,2
20_raw_data/pdf/奥林匹克森林公园区域大数据分析报告-20241230-202512291772157987.pdf,page,30,215,13,11,0,0,2,0
20_raw_data/pdf/奥林匹克森林公园区域大数据分析报告-20241230-202512291772157987.pdf,page,31,163,11,7,0,0,2,0
20_raw_data/pdf/奥林匹克森林公园区域大数据分析报告-20241230-202512291772157987.pdf,page,32,129,9,5,0,0,2,2
20_raw_data/pdf/奥林匹克森林公园区域大数据分析报告-20241230-202512291772157987.pdf,page,33,131,9,5,0,0,2,2
20_raw_data/pdf/奥林匹克森林公园区域大数据分析报告-20241230-202512291772157987.pdf,page,34,131,9,5,0,0,2,2
20_raw_data/pdf/奥林匹克森林公园区域大数据分析报告-20241230-202512291772157987.pdf,page,35,410,16,23,0,0,2,0
20_raw_data/pdf/奥林匹克森林公园区域大数据分析报告-20241230-202512291772157987.pdf,page,36,131,9,5,0,0,2,2
20_raw_data/pdf/奥林匹克森林公园区域大数据分析报告-20241230-202512291772157987.pdf,page,37,235,13,11,0,0,2,0
20_raw_data/pdf/奥林匹克森林公园区域大数据分析报告-20241230-202512291772157987.pdf,page,38,131,9,5,0,0,2,2
20_raw_data/pdf/奥林匹克森林公园区域大数据分析报告-20241230-202512291772157987.pdf,page,39,124,10,5,0,0,2,0
20_raw_data/pdf/奥林匹克森林公园区域大数据分析报告-20241230-202512291772157987.pdf,page,40,170,12,9,0,0,2,0
20_raw_data/pdf/奥林匹克森林公园区域大数据分析报告-20241230-202512291772157987.pdf,page,41,210,15,12,0,3,2,0
20_raw_data/pdf/奥林匹克森林公园区域大数据分析报告-20241230-202512291772157987.pdf,page,42,366,16,23,0,0,2,0
20_raw_data/pdf/奥林匹克森林公园区域大数据分析报告-20241230-202512291772157987.pdf,page,43,292,15,15,0,0,2,0
20_raw_data/pdf/奥林匹克森林公园区域大数据分析报告-20241230-202512291772157987.pdf,page,44,131,9,5,0,0,2,2
20_raw_data/pdf/奥林匹克森林公园区域大数据分析报告-20241230-202512291772157987.pdf,page,45,215,13,11,0,0,2,0
20_raw_data/pdf/奥林匹克森林公园区域大数据分析报告-20241230-202512291772157987.pdf,page,46,163,11,7,0,0,2,0
20_raw_data/pdf/奥林匹克森林公园区域大数据分析报告-20241230-202512291772157987.pdf,page,47,129,9,5,0,0,2,2
20_raw_data/pdf/奥林匹克森林公园区域大数据分析报告-20241230-202512291772157987.pdf,page,48,131,9,5,0,0,2,2
20_raw_data/pdf/奥林匹克森林公园区域大数据分析报告-20241230-202512291772157987.pdf,page,49,131,9,5,0,0,2,2
20_raw_data/pdf/奥林匹克森林公园区域大数据分析报告-20241230-202512291772157987.pdf,page,50,400,16,23,0,0,2,0
20_raw_data/pdf/奥林匹克森林公园区域大数据分析报告-20241230-202512291772157987.pdf,page,51,131,9,5,0,0,2,2
20_raw_data/pdf/奥林匹克森林公园区域大数据分析报告-20241230-202512291772157987.pdf,page,52,235,13,11,0,0,2,0
20_raw_data/pdf/奥林匹克森林公园区域大数据分析报告-20241230-202512291772157987.pdf,page,53,131,9,5,0,0,2,2
20_raw_data/pdf/奥林匹克森林公园区域大数据分析报告-20241230-202512291772157987.pdf,page,54,124,10,5,0,0,2,0
20_raw_data/pdf/奥林匹克森林公园区域大数据分析报告-20241230-202512291772157987.pdf,page,55,177,12,9,0,0,2,0
20_raw_data/pdf/奥林匹克森林公园区域大数据分析报告-20241230-202512291772157987.pdf,page,56,120,7,5,0,0,2,2
20_raw_data/pdf/奥林匹克森林公园区域大数据分析报告-20241230-202512291772157987.pdf,page,57,96,8,5,0,0,2,0
20_raw_data/pdf/奥林匹克森林公园区域大数据分析报告-20241230-202512291772157987.pdf,page,58,122,7,5,0,0,2,2
20_raw_data/pdf/奥林匹克森林公园区域大数据分析报告-20241230-202512291772157987.pdf,page,59,100,8,5,0,0,2,0
20_raw_data/pdf/奥林匹克森林公园区域大数据分析报告-20241230-202512291772157987.pdf,page,60,122,7,5,0,0,2,2
20_raw_data/pdf/奥林匹克森林公园区域大数据分析报告-20241230-202512291772157987.pdf,page,61,120,7,5,0,0,2,2
20_raw_data/pdf/奥林匹克森林公园区域大数据分析报告-20241230-202512291772157987.pdf,page,62,122,7,5,0,0,2,2
20_raw_data/pdf/奥林匹克森林公园区域大数据分析报告-20241230-202512291772157987.pdf,page,63,122,7,5,0,0,2,2
20_raw_data/pdf/奥林匹克森林公园区域大数据分析报告-20241230-202512291772157987.pdf,page,64,122,7,5,0,0,2,2
20_raw_data/pdf/奥林匹克森林公园区域大数据分析报告-20241230-202512291772157987.pdf,page,65,122,7,5,0,0,2,2
20_raw_data/pdf/奥林匹克森林公园区域大数据分析报告-20241230-202512291772157987.pdf,page,66,120,7,5,0,0,2,2
20_raw_data/pdf/奥林匹克森林公园区域大数据分析报告-20241230-202512291772157987.pdf,page,67,120,7,5,0,0,2,2
20_raw_data/pdf/奥林匹克森林公园区域大数据分析报告-20241230-202512291772157987.pdf,page,68,122,7,5,0,0,2,2
20_raw_data/pdf/奥林匹克森林公园区域大数据分析报告-20241230-202512291772157987.pdf,page,69,100,8,5,0,0,2,0
20_raw_data/pdf/奥林匹克森林公园区域大数据分析报告-20241230-202512291772157987.pdf,page,70,122,7,5,0,0,2,2
20_raw_data/pdf/奥林匹克森林公园区域大数据分析报告-20241230-202512291772157987.pdf,page,71,120,7,5,0,0,2,2
20_raw_data/pdf/奥林匹克森林公园区域大数据分析报告-20241230-202512291772157987.pdf,page,72,122,7,5,0,0,2,2
20_raw_data/pdf/奥林匹克森林公园区域大数据分析报告-20241230-202512291772157987.pdf,page,73,122,7,5,0,0,2,2
20_raw_data/pdf/奥林匹克森林公园区域大数据分析报告-20241230-202512291772157987.pdf,page,74,122,7,5,0,0,2,2
20_raw_data/pdf/奥林匹克森林公园区域大数据分析报告-20241230-202512291772157987.pdf,page,75,122,7,5,0,0,2,2
20_raw_data/pdf/奥林匹克森林公园区域大数据分析报告-20241230-202512291772157987.pdf,page,76,243,22,14,11,0,2,7
20_raw_data/pdf/奥林匹克森林公园区域大数据分析报告-20241230-202512291772157987.pdf,page,77,288,22,14,11,0,2,0
20_raw_data/pdf/奥林匹克森林公园区域大数据分析报告-20241230-202512291772157987.pdf,page,78,248,20,14,11,0,2,0
20_raw_data/pdf/奥林匹克森林公园区域大数据分析报告-20241230-202512291772157987.pdf,page,79,194,22,14,11,0,2,1
20_raw_data/pdf/奥林匹克森林公园区域大数据分析报告-20241230-202512291772157987.pdf,page,80,240,22,14,11,0,2,4
20_raw_data/pdf/奥林匹克森林公园区域大数据分析报告-20241230-202512291772157987.pdf,page,81,220,22,14,11,0,2,0
20_raw_data/pdf/奥林匹克森林公园区域大数据分析报告-20241230-202512291772157987.pdf,page,82,471,24,37,22,0,2,0
20_raw_data/pdf/奥林匹克森林公园区域大数据分析报告-20241230-202512291772157987.pdf,page,83,430,24,37,22,0,2,0
20_raw_data/pdf/奥林匹克森林公园区域大数据分析报告-20241230-202512291772157987.pdf,page,84,390,24,39,16,0,2,1
20_raw_data/pdf/奥林匹克森林公园区域大数据分析报告-20241230-202512291772157987.pdf,page,85,449,24,63,16,0,2,1
20_raw_data/pdf/奥林匹克森林公园区域大数据分析报告-20241230-202512291772157987.pdf,page,86,362,24,31,12,0,2,1
20_raw_data/pdf/奥林匹克森林公园区域大数据分析报告-20241230-202512291772157987.pdf,page,87,271,22,16,8,0,2,0
20_raw_data/pdf/奥林匹克森林公园区域大数据分析报告-20241230-202512291772157987.pdf,page,88,244,20,13,6,0,2,0
20_raw_data/pdf/奥林匹克森林公园区域大数据分析报告-20241230-202512291772157987.pdf,page,89,452,24,71,18,0,2,3
20_raw_data/pdf/奥林匹克森林公园区域大数据分析报告-20241230-202512291772157987.pdf,page,90,244,20,13,6,0,2,0
20_raw_data/pdf/奥林匹克森林公园区域大数据分析报告-20241230-202512291772157987.pdf,page,91,478,24,37,22,0,2,0
20_raw_data/pdf/奥林匹克森林公园区域大数据分析报告-20241230-202512291772157987.pdf,page,92,317,22,27,8,0,2,1
20_raw_data/pdf/奥林匹克森林公园区域大数据分析报告-20241230-202512291772157987.pdf,page,93,452,24,64,16,0,2,1
20_raw_data/pdf/奥林匹克森林公园区域大数据分析报告-20241230-202512291772157987.pdf,page,94,271,22,16,8,0,2,0
20_raw_data/pdf/奥林匹克森林公园区域大数据分析报告-20241230-202512291772157987.pdf,page,95,378,24,35,16,0,2,2
20_raw_data/pdf/奥林匹克森林公园区域大数据分析报告-20241230-202512291772157987.pdf,page,96,433,24,37,22,0,2,0
20_raw_data/pdf/奥林匹克森林公园区域大数据分析报告-20241230-202512291772157987.pdf,page,97,430,24,65,16,0,2,1
20_raw_data/pdf/奥林匹克森林公园区域大数据分析报告-20241230-202512291772157987.pdf,page,98,222,22,14,11,0,2,0
20_raw_data/pdf/奥林匹克森林公园区域大数据分析报告-20241230-202512291772157987.pdf,page,99,286,22,14,11,0,2,1
20_raw_data/pdf/奥林匹克森林公园区域大数据分析报告-20241230-202512291772157987.pdf,page,100,239,22,14,11,0,2,4
20_raw_data/pdf/奥林匹克森林公园区域大数据分析报告-20241230-202512291772157987.pdf,page,101,239,22,14,11,0,2,9
20_raw_data/pdf/奥林匹克森林公园区域大数据分析报告-20241230-202512291772157987.pdf,page,102,191,22,14,11,0,2,8
20_raw_data/pdf/奥林匹克森林公园区域大数据分析报告-20241230-202512291772157987.pdf,page,103,257,20,14,11,0,2,0
20_raw_data/pdf/奥林匹克森林公园区域大数据分析报告-20241230-202512291772157987.pdf,page,104,271,22,16,8,0,2,0
20_raw_data/pdf/奥林匹克森林公园区域大数据分析报告-20241230-202512291772157987.pdf,page,105,449,24,63,16,0,2,1
20_raw_data/pdf/奥林匹克森林公园区域大数据分析报告-20241230-202512291772157987.pdf,page,106,471,24,37,22,0,2,0
20_raw_data/pdf/奥林匹克森林公园区域大数据分析报告-20241230-202512291772157987.pdf,page,107,390,24,39,16,0,2,1
20_raw_data/pdf/奥林匹克森林公园区域大数据分析报告-20241230-202512291772157987.pdf,page,108,430,24,37,22,0,2,0
20_raw_data/pdf/奥林匹克森林公园区域大数据分析报告-20241230-202512291772157987.pdf,page,109,244,20,13,6,0,2,0
20_raw_data/pdf/奥林匹克森林公园区域大数据分析报告-20241230-202512291772157987.pdf,page,110,362,24,31,12,0,2,1
20_raw_data/pdf/奥林匹克森林公园区域大数据分析报告-20241230-202512291772157987.pdf,page,111,452,24,71,18,0,2,3
20_raw_data/pdf/奥林匹克森林公园区域大数据分析报告-20241230-202512291772157987.pdf,page,112,288,22,14,11,0,2,0
20_raw_data/pdf/奥林匹克森林公园区域大数据分析报告-20241230-202512291772157987.pdf,page,113,220,22,14,11,0,2,0
20_raw_data/pdf/奥林匹克森林公园区域大数据分析报告-20241230-202512291772157987.pdf,page,114,243,22,14,11,0,2,7
20_raw_data/pdf/奥林匹克森林公园区域大数据分析报告-20241230-202512291772157987.pdf,page,115,194,22,14,11,0,2,1
20_raw_data/pdf/奥林匹克森林公园区域大数据分析报告-20241230-202512291772157987.pdf,page,116,248,20,14,11,0,2,0
20_raw_data/pdf/奥林匹克森林公园区域大数据分析报告-20241230-202512291772157987.pdf,page,117,240,22,14,11,0,2,4
20_raw_data/pdf/奥林匹克森林公园区域大数据分析报告-20241230-202512291772157987.pdf,page,118,356,24,30,12,0,2,1
20_raw_data/pdf/奥林匹克森林公园区域大数据分析报告-20241230-202512291772157987.pdf,page,119,301,22,23,8,0,2,1
20_raw_data/pdf/奥林匹克森林公园区域大数据分析报告-20241230-202512291772157987.pdf,page,120,358,24,31,12,0,2,2
20_raw_data/pdf/奥林匹克森林公园区域大数据分析报告-20241230-202512291772157987.pdf,page,121,565,24,77,20,20,2,1
20_raw_data/pdf/奥林匹克森林公园区域大数据分析报告-20241230-202512291772157987.pdf,page,122,471,24,63,16,16,2,2
20_raw_data/pdf/奥林匹克森林公园区域大数据分析报告-20241230-202512291772157987.pdf,page,123,420,24,58,14,0,2,1
20_raw_data/pdf/奥林匹克森林公园区域大数据分析报告-20241230-202512291772157987.pdf,page,124,389,24,51,14,0,2,0
20_raw_data/pdf/奥林匹克森林公园区域大数据分析报告-20241230-202512291772157987.pdf,page,125,694,24,94,22,0,3,1
20_raw_data/pdf/奥林匹克森林公园区域大数据分析报告-20241230-202512291772157987.pdf,page,126,603,24,79,20,0,4,4
20_raw_data/pdf/奥林匹克森林公园区域大数据分析报告-20241230-202512291772157987.pdf,page,127,340,24,22,12,0,2,0
20_raw_data/pdf/奥林匹克森林公园区域大数据分析报告-20241230-202512291772157987.pdf,page,128,428,24,41,22,0,2,0
20_raw_data/pdf/奥林匹克森林公园区域大数据分析报告-20241230-202512291772157987.pdf,page,129,259,20,13,6,0,2,0
20_raw_data/pdf/奥林匹克森林公园区域大数据分析报告-20241230-202512291772157987.pdf,page,130,369,24,32,12,0,2,1
20_raw_data/pdf/奥林匹克森林公园区域大数据分析报告-20241230-202512291772157987.pdf,page,131,340,24,22,12,0,2,0
20_raw_data/pdf/奥林匹克森林公园区域大数据分析报告-20241230-202512291772157987.pdf,page,132,428,24,41,22,0,2,0
20_raw_data/pdf/奥林匹克森林公园区域大数据分析报告-20241230-202512291772157987.pdf,page,133,565,24,73,18,0,4,5
20_raw_data/pdf/奥林匹克森林公园区域大数据分析报告-20241230-202512291772157987.pdf,page,134,259,20,13,6,0,2,0
20_raw_data/pdf/奥林匹克森林公园区域大数据分析报告-20241230-202512291772157987.pdf,page,135,389,24,51,14,0,2,0
20_raw_data/pdf/奥林匹克森林公园区域大数据分析报告-20241230-202512291772157987.pdf,page,136,688,24,93,22,0,3,1
20_raw_data/pdf/奥林匹克森林公园区域大数据分析报告-20241230-202512291772157987.pdf,page,137,562,24,76,20,20,2,1
20_raw_data/pdf/奥林匹克森林公园区域大数据分析报告-20241230-202512291772157987.pdf,page,138,358,24,32,12,0,2,5
20_raw_data/pdf/奥林匹克森林公园区域大数据分析报告-20241230-202512291772157987.pdf,page,139,363,24,32,12,0,2,1
20_raw_data/pdf/奥林匹克森林公园区域大数据分析报告-20241230-202512291772157987.pdf,page,140,416,24,60,14,0,2,1
20_raw_data/pdf/奥林匹克森林公园区域大数据分析报告-20241230-202512291772157987.pdf,page,141,303,22,24,8,0,2,1
20_raw_data/pdf/奥林匹克森林公园区域大数据分析报告-20241230-202512291772157987.pdf,page,142,362,24,30,12,0,2,1
20_raw_data/pdf/奥林匹克森林公园区域大数据分析报告-20241230-202512291772157987.pdf,page,143,484,24,67,16,16,2,2
20_raw_data/pdf/奥林匹克森林公园区域大数据分析报告-20241230-202512291772157987.pdf,page,144,694,24,94,22,0,3,2
20_raw_data/pdf/奥林匹克森林公园区域大数据分析报告-20241230-202512291772157987.pdf,page,145,259,20,13,6,0,2,0
20_raw_data/pdf/奥林匹克森林公园区域大数据分析报告-20241230-202512291772157987.pdf,page,146,301,22,23,8,0,2,1
20_raw_data/pdf/奥林匹克森林公园区域大数据分析报告-20241230-202512291772157987.pdf,page,147,420,24,58,14,0,2,1
20_raw_data/pdf/奥林匹克森林公园区域大数据分析报告-20241230-202512291772157987.pdf,page,148,602,24,79,20,0,4,4
20_raw_data/pdf/奥林匹克森林公园区域大数据分析报告-20241230-202512291772157987.pdf,page,149,428,24,41,22,0,2,0
20_raw_data/pdf/奥林匹克森林公园区域大数据分析报告-20241230-202512291772157987.pdf,page,150,471,24,63,16,16,2,2
20_raw_data/pdf/奥林匹克森林公园区域大数据分析报告-20241230-202512291772157987.pdf,page,151,369,24,32,12,0,2,1
20_raw_data/pdf/奥林匹克森林公园区域大数据分析报告-20241230-202512291772157987.pdf,page,152,389,24,51,14,0,2,0
20_raw_data/pdf/奥林匹克森林公园区域大数据分析报告-20241230-202512291772157987.pdf,page,153,340,24,22,12,0,2,0
20_raw_data/pdf/奥林匹克森林公园区域大数据分析报告-20241230-202512291772157987.pdf,page,154,358,24,31,12,0,2,2
20_raw_data/pdf/奥林匹克森林公园区域大数据分析报告-20241230-202512291772157987.pdf,page,155,565,24,77,20,20,2,1
20_raw_data/pdf/奥林匹克森林公园区域大数据分析报告-20241230-202512291772157987.pdf,page,156,356,24,30,12,0,2,1
20_raw_data/pdf/奥林匹克森林公园区域大数据分析报告-20241230-202512291772157987.pdf,page,157,441,24,49,22,0,2,0
20_raw_data/pdf/奥林匹克森林公园区域大数据分析报告-20241230-202512291772157987.pdf,page,158,247,20,13,6,0,2,0
20_raw_data/pdf/奥林匹克森林公园区域大数据分析报告-20241230-202512291772157987.pdf,page,159,308,24,19,10,0,2,0
20_raw_data/pdf/奥林匹克森林公园区域大数据分析报告-20241230-202512291772157987.pdf,page,160,250,20,13,6,0,2,0
20_raw_data/pdf/奥林匹克森林公园区域大数据分析报告-20241230-202512291772157987.pdf,page,161,441,24,49,22,0,2,0
20_raw_data/pdf/奥林匹克森林公园区域大数据分析报告-20241230-202512291772157987.pdf,page,162,306,24,19,10,0,2,0
20_raw_data/pdf/奥林匹克森林公园区域大数据分析报告-20241230-202512291772157987.pdf,page,163,250,20,13,6,0,2,0
20_raw_data/pdf/奥林匹克森林公园区域大数据分析报告-20241230-202512291772157987.pdf,page,164,247,20,13,6,0,2,0
20_raw_data/pdf/奥林匹克森林公园区域大数据分析报告-20241230-202512291772157987.pdf,page,165,441,24,49,22,0,2,0
20_raw_data/pdf/奥林匹克森林公园区域大数据分析报告-20241230-202512291772157987.pdf,page,166,247,20,13,6,0,2,0
20_raw_data/pdf/奥林匹克森林公园区域大数据分析报告-20241230-202512291772157987.pdf,page,167,250,20,13,6,0,2,0
20_raw_data/pdf/奥林匹克森林公园区域大数据分析报告-20241230-202512291772157987.pdf,page,168,308,24,19,10,0,2,0
20_raw_data/pdf/奥林匹克森林公园区域大数据分析报告-20241230-202512291772157987.pdf,page,169,345,24,25,14,0,2,1
20_raw_data/pdf/奥林匹克森林公园区域大数据分析报告-20241230-202512291772157987.pdf,page,170,433,24,37,22,0,2,8
20_raw_data/pdf/奥林匹克森林公园区域大数据分析报告-20241230-202512291772157987.pdf,page,171,438,24,37,22,0,2,5
20_raw_data/pdf/奥林匹克森林公园区域大数据分析报告-20241230-202512291772157987.pdf,page,172,283,20,13,6,0,2,0
20_raw_data/pdf/奥林匹克森林公园区域大数据分析报告-20241230-202512291772157987.pdf,page,173,455,24,37,22,0,2,0
20_raw_data/pdf/奥林匹克森林公园区域大数据分析报告-20241230-202512291772157987.pdf,page,174,336,24,22,12,0,2,0
20_raw_data/pdf/奥林匹克森林公园区域大数据分析报告-20241230-202512291772157987.pdf,page,175,436,24,37,22,0,2,0
20_raw_data/pdf/奥林匹克森林公园区域大数据分析报告-20241230-202512291772157987.pdf,page,176,465,24,37,22,0,2,3
20_raw_data/pdf/奥林匹克森林公园区域大数据分析报告-20241230-202512291772157987.pdf,page,177,347,24,25,14,0,2,0
20_raw_data/pdf/奥林匹克森林公园区域大数据分析报告-20241230-202512291772157987.pdf,page,178,365,24,28,16,0,2,1
20_raw_data/pdf/奥林匹克森林公园区域大数据分析报告-20241230-202512291772157987.pdf,page,179,419,24,37,22,0,2,0
20_raw_data/pdf/奥林匹克森林公园区域大数据分析报告-20241230-202512291772157987.pdf,page,180,461,24,37,22,0,2,0
20_raw_data/pdf/奥林匹克森林公园区域大数据分析报告-20241230-202512291772157987.pdf,page,181,414,24,37,22,0,2,0
20_raw_data/pdf/奥林匹克森林公园区域大数据分析报告-20241230-202512291772157987.pdf,page,182,342,24,25,14,0,2,1
20_raw_data/pdf/奥林匹克森林公园区域大数据分析报告-20241230-202512291772157987.pdf,page,183,425,24,37,22,0,2,9
20_raw_data/pdf/奥林匹克森林公园区域大数据分析报告-20241230-202512291772157987.pdf,page,184,436,24,37,22,0,2,6
20_raw_data/pdf/奥林匹克森林公园区域大数据分析报告-20241230-202512291772157987.pdf,page,185,343,24,25,14,0,2,1
20_raw_data/pdf/奥林匹克森林公园区域大数据分析报告-20241230-202512291772157987.pdf,page,186,464,24,37,22,0,2,6
20_raw_data/pdf/奥林匹克森林公园区域大数据分析报告-20241230-202512291772157987.pdf,page,187,360,24,28,16,0,2,2
20_raw_data/pdf/奥林匹克森林公园区域大数据分析报告-20241230-202512291772157987.pdf,page,188,432,24,37,22,0,2,0
20_raw_data/pdf/奥林匹克森林公园区域大数据分析报告-20241230-202512291772157987.pdf,page,189,333,24,22,12,0,2,0
20_raw_data/pdf/奥林匹克森林公园区域大数据分析报告-20241230-202512291772157987.pdf,page,190,283,20,13,6,0,2,0
20_raw_data/pdf/奥林匹克森林公园区域大数据分析报告-20241230-202512291772157987.pdf,page,191,365,24,28,16,0,2,1
20_raw_data/pdf/奥林匹克森林公园区域大数据分析报告-20241230-202512291772157987.pdf,page,192,465,24,37,22,0,2,3
20_raw_data/pdf/奥林匹克森林公园区域大数据分析报告-20241230-202512291772157987.pdf,page,193,336,24,22,12,0,2,0
20_raw_data/pdf/奥林匹克森林公园区域大数据分析报告-20241230-202512291772157987.pdf,page,194,455,24,37,22,0,2,0
20_raw_data/pdf/奥林匹克森林公园区域大数据分析报告-20241230-202512291772157987.pdf,page,195,438,24,37,22,0,2,5
20_raw_data/pdf/奥林匹克森林公园区域大数据分析报告-20241230-202512291772157987.pdf,page,196,419,24,37,22,0,2,0
20_raw_data/pdf/奥林匹克森林公园区域大数据分析报告-20241230-202512291772157987.pdf,page,197,283,20,13,6,0,2,0
20_raw_data/pdf/奥林匹克森林公园区域大数据分析报告-20241230-202512291772157987.pdf,page,198,345,24,25,14,0,2,1
20_raw_data/pdf/奥林匹克森林公园区域大数据分析报告-20241230-202512291772157987.pdf,page,199,433,24,37,22,0,2,8
20_raw_data/pdf/奥林匹克森林公园区域大数据分析报告-20241230-202512291772157987.pdf,page,200,347,24,25,14,0,2,0
20_raw_data/pdf/奥林匹克森林公园区域大数据分析报告-20241230-202512291772157987.pdf,page,201,430,24,37,22,0,2,0
20_raw_data/pdf/奥林匹克森林公园区域大数据分析报告-20241230-202512291772157987.pdf,page,202,432,24,37,22,0,2,0
20_raw_data/pdf/奥林匹克森林公园区域大数据分析报告-20241230-202512291772157987.pdf,page,203,442,24,37,22,0,2,0
20_raw_data/pdf/奥林匹克森林公园区域大数据分析报告-20241230-202512291772157987.pdf,page,204,342,24,25,14,0,2,2
20_raw_data/pdf/奥林匹克森林公园区域大数据分析报告-20241230-202512291772157987.pdf,page,205,304,24,19,10,0,2,0
20_raw_data/pdf/奥林匹克森林公园区域大数据分析报告-20241230-202512291772157987.pdf,page,206,428,24,37,22,0,2,3
20_raw_data/pdf/奥林匹克森林公园区域大数据分析报告-20241230-202512291772157987.pdf,page,207,321,24,22,12,0,2,2
20_raw_data/pdf/奥林匹克森林公园区域大数据分析报告-20241230-202512291772157987.pdf,page,208,340,24,25,14,0,2,4
20_raw_data/pdf/奥林匹克森林公园区域大数据分析报告-20241230-202512291772157987.pdf,page,209,430,24,37,22,0,2,2
20_raw_data/pdf/奥林匹克森林公园区域大数据分析报告-20241230-202512291772157987.pdf,page,210,368,24,28,16,0,2,2
20_raw_data/pdf/奥林匹克森林公园区域大数据分析报告-20241230-202512291772157987.pdf,page,211,316,24,22,12,0,2,0
20_raw_data/pdf/奥林匹克森林公园区域大数据分析报告-20241230-202512291772157987.pdf,page,212,360,24,28,16,0,2,2
20_raw_data/pdf/奥林匹克森林公园区域大数据分析报告-20241230-202512291772157987.pdf,page,213,325,24,22,12,0,2,0
20_raw_data/pdf/奥林匹克森林公园区域大数据分析报告-20241230-202512291772157987.pdf,page,214,344,24,25,14,0,2,2
20_raw_data/pdf/奥林匹克森林公园区域大数据分析报告-20241230-202512291772157987.pdf,page,215,303,24,19,10,0,2,0
20_raw_data/pdf/奥林匹克森林公园区域大数据分析报告-20241230-202512291772157987.pdf,page,216,323,24,22,12,0,2,0
20_raw_data/pdf/奥林匹克森林公园区域大数据分析报告-20241230-202512291772157987.pdf,page,217,444,24,37,22,0,2,0
20_raw_data/pdf/奥林匹克森林公园区域大数据分析报告-20241230-202512291772157987.pdf,page,218,299,24,19,10,0,2,0
20_raw_data/pdf/奥林匹克森林公园区域大数据分析报告-20241230-202512291772157987.pdf,page,219,430,24,37,22,0,2,0
20_raw_data/pdf/奥林匹克森林公园区域大数据分析报告-20241230-202512291772157987.pdf,page,220,414,24,34,20,0,2,0
20_raw_data/pdf/奥林匹克森林公园区域大数据分析报告-20241230-202512291772157987.pdf,page,221,316,24,22,12,0,2,0
20_raw_data/pdf/奥林匹克森林公园区域大数据分析报告-20241230-202512291772157987.pdf,page,222,301,24,19,10,0,2,0
20_raw_data/pdf/奥林匹克森林公园区域大数据分析报告-20241230-202512291772157987.pdf,page,223,370,24,28,16,0,2,0
20_raw_data/pdf/奥林匹克森林公园区域大数据分析报告-20241230-202512291772157987.pdf,page,224,411,24,34,20,0,2,0
20_raw_data/pdf/奥林匹克森林公园区域大数据分析报告-20241230-202512291772157987.pdf,page,225,342,24,25,14,0,2,0
20_raw_data/pdf/奥林匹克森林公园区域大数据分析报告-20241230-202512291772157987.pdf,page,226,323,24,22,12,0,2,0
20_raw_data/pdf/奥林匹克森林公园区域大数据分析报告-20241230-202512291772157987.pdf,page,227,302,24,19,10,0,2,0
20_raw_data/pdf/奥林匹克森林公园区域大数据分析报告-20241230-202512291772157987.pdf,page,228,288,22,16,8,0,2,0
20_raw_data/pdf/奥林匹克森林公园区域大数据分析报告-20241230-202512291772157987.pdf,page,229,442,24,37,22,0,2,0
20_raw_data/pdf/奥林匹克森林公园区域大数据分析报告-20241230-202512291772157987.pdf,page,230,428,24,37,22,0,2,3
20_raw_data/pdf/奥林匹克森林公园区域大数据分析报告-20241230-202512291772157987.pdf,page,231,437,24,37,22,0,2,0
20_raw_data/pdf/奥林匹克森林公园区域大数据分析报告-20241230-202512291772157987.pdf,page,232,321,24,22,12,0,2,2
20_raw_data/pdf/奥林匹克森林公园区域大数据分析报告-20241230-202512291772157987.pdf,page,233,432,24,37,22,0,2,0
20_raw_data/pdf/奥林匹克森林公园区域大数据分析报告-20241230-202512291772157987.pdf,page,234,316,24,22,12,0,2,0
20_raw_data/pdf/奥林匹克森林公园区域大数据分析报告-20241230-202512291772157987.pdf,page,235,340,24,25,14,0,2,4
20_raw_data/pdf/奥林匹克森林公园区域大数据分析报告-20241230-202512291772157987.pdf,page,236,430,24,37,22,0,2,2
20_raw_data/pdf/奥林匹克森林公园区域大数据分析报告-20241230-202512291772157987.pdf,page,237,325,24,22,12,0,2,0
20_raw_data/pdf/奥林匹克森林公园区域大数据分析报告-20241230-202512291772157987.pdf,page,238,368,24,28,16,0,2,2
20_raw_data/pdf/奥林匹克森林公园区域大数据分析报告-20241230-202512291772157987.pdf,page,239,430,24,37,22,0,2,0
20_raw_data/pdf/奥林匹克森林公园区域大数据分析报告-20241230-202512291772157987.pdf,page,240,342,24,25,14,0,2,2
20_raw_data/pdf/奥林匹克森林公园区域大数据分析报告-20241230-202512291772157987.pdf,page,241,304,24,19,10,0,2,0
20_raw_data/pdf/奥林匹克森林公园区域大数据分析报告-20241230-202512291772157987.pdf,page,242,360,24,28,16,0,2,2
20_raw_data/pdf/奥林匹克森林公园区域大数据分析报告-20241230-202512291772157987.pdf,page,243,344,24,25,14,0,2,2
20_raw_data/pdf/奥林匹克森林公园区域大数据分析报告-20241230-202512291772157987.pdf,page,244,512,24,60,22,0,5,0
20_raw_data/pdf/奥林匹克森林公园区域大数据分析报告-20241230-202512291772157987.pdf,page,245,477,24,46,22,0,2,5
20_raw_data/pdf/奥林匹克森林公园区域大数据分析报告-20241230-202512291772157987.pdf,page,246,453,24,43,20,0,2,3
20_raw_data/pdf/奥林匹克森林公园区域大数据分析报告-20241230-202512291772157987.pdf,page,247,514,24,60,22,0,5,0
20_raw_data/pdf/奥林匹克森林公园区域大数据分析报告-20241230-202512291772157987.pdf,page,248,477,24,46,22,0,2,5
20_raw_data/pdf/奥林匹克森林公园区域大数据分析报告-20241230-202512291772157987.pdf,page,249,512,24,60,22,0,5,0
20_raw_data/pdf/奥林匹克森林公园区域大数据分析报告-20241230-202512291772157987.pdf,page,250,9,0,0,0,0,0,0
20_raw_data/ppt/AI (1)(1).pptx,slide,1,95,7,4,0,0,3,0
20_raw_data/ppt/AI (1)(1).pptx,slide,2,226,19,14,5,1,0,0
20_raw_data/ppt/AI (1)(1).pptx,slide,3,175,17,9,3,0,0,0
20_raw_data/ppt/AI (1)(1).pptx,slide,4,312,22,24,8,1,0,1
20_raw_data/ppt/AI (1)(1).pptx,slide,5,252,4,2,0,0,0,0
20_raw_data/ppt/AI (1)(1).pptx,slide,6,242,11,5,2,0,0,1
20_raw_data/ppt/AI (1)(1).pptx,slide,7,172,8,7,0,2,0,1
20_raw_data/ppt/AI (1)(1).pptx,slide,8,155,8,5,0,2,0,0
20_raw_data/ppt/AI (1)(1).pptx,slide,9,151,5,4,0,2,0,0
20_raw_data/ppt/AI (1)(1).pptx,slide,10,157,6,7,0,2,0,0
20_raw_data/ppt/AI (1)(1).pptx,slide,11,249,13,28,1,2,0,1
20_raw_data/ppt/AI (1)(1).pptx,slide,12,145,10,7,1,0,0,0
20_raw_data/ppt/AI (1)(1).pptx,slide,13,281,3,1,0,1,0,0
20_raw_data/ppt/AI (1)(1).pptx,slide,14,248,9,8,0,2,0,0
20_raw_data/ppt/AI (1)(1).pptx,slide,15,107,4,2,0,0,2,0
20_raw_data/ppt/奥森修改稿0306.pptx,slide,1,55,1,1,0,0,0,0
20_raw_data/ppt/奥森修改稿0306.pptx,slide,2,107,6,6,0,0,0,0
20_raw_data/ppt/奥森修改稿0306.pptx,slide,3,255,10,12,0,0,2,0
20_raw_data/ppt/奥森修改稿0306.pptx,slide,4,215,15,8,2,3,0,0
20_raw_data/ppt/奥森修改稿0306.pptx,slide,5,320,18,13,4,0,0,6
20_raw_data/ppt/奥森修改稿0306.pptx,slide,6,396,14,19,2,6,0,0
20_raw_data/ppt/奥森修改稿0306.pptx,slide,7,364,13,22,1,8,0,0
20_raw_data/ppt/奥森修改稿0306.pptx,slide,8,342,13,20,3,9,0,0
20_raw_data/ppt/奥森修改稿0306.pptx,slide,9,589,20,51,6,33,0,12
20_raw_data/ppt/奥森修改稿0306.pptx,slide,10,224,17,13,3,8,0,3
20_raw_data/ppt/奥森修改稿0306.pptx,slide,11,310,0,5,0,0,0,0
20_raw_data/ppt/奥森修改稿0306.pptx,slide,12,280,5,4,1,1,0,0
20_raw_data/ppt/奥森修改稿0306.pptx,slide,13,302,4,14,0,0,0,1
20_raw_data/ppt/奥森修改稿0306.pptx,slide,14,353,9,8,1,0,0,0
20_raw_data/ppt/奥森修改稿0306.pptx,slide,15,156,5,4,0,2,0,2
