source_file,unit_type,unit_index,pymupdf_table_count,table_like_score,numeric_count,percent_count,currency_count,snippet
20_raw_data/pdf/城市绿心公园区域大数据分析报告-20221023-20231022(1).pdf,page,4,1,22,37,16,0,Dream Deck F20职住地覆盖距离分析 0.00% 0.01% 1.49% 3.96% 11.36% 17.86% 17.11% 48.21% 0% 10% 20% 30% 40% 50% 60% 0-500米 501-1000米 1001-2000米 2001-3000米 3001-5000米 5001-10000米 10001-20000米 20000米以上 20221023-20231022期间到访“城市绿心公园”1-30
20_raw_data/pdf/城市绿心公园区域大数据分析报告-20221023-20231022(1).pdf,page,6,1,22,34,20,0,Dream Deck F40到访频次分析 73.91% 13.63% 5.19% 2.62% 1.55% 1.02% 0.74% 0.55% 0.44% 0.34% 0% 10% 20% 30% 40% 50% 60% 70% 80% 1次 2次 3次 4次 5次 6次 7次 8次 9次 10次 20221023-20231022期间到访“城市绿心公园”的流动人口中，到访1次的占比最高，为 73.91%。
20_raw_data/pdf/城市绿心公园区域大数据分析报告-20221023-20231022(1).pdf,page,7,1,24,37,16,0,Dream Deck F61人群职住地分析 排名 工作地名称 占比 1 北京东光实业总公司 39.45% 2 通州区出入境检验检疫局 14.679% 3 天泰御香苑大酒店 11.927% 4 中国人民大学(东校区) 7.798% 排名 居住地名称 占比 1 环湖小镇西区 4.379% 2 北许场新村 4.096% 3 环湖小镇 3.955% 4 芳草园小区 2.542% 5 月亮湾晓镇 2.26% 6 金隅通和园 1.977% 7 金隅
20_raw_data/pdf/城市绿心公园区域大数据分析报告-20221023-20231022(1).pdf,page,8,1,24,48,22,0,Dream Deck F61人群职住地分析 排名 工作地名称 占比 1 北京通州万达广场 1.215% 2 华远好天地(北京铭悦) 0.979% 3 富力运河十号 0.597% 4 华腾世纪总部公园 0.488% 5 金融街园中园 0.456% 6 中国人民大学(东校区) 0.423% 7 保利·大都汇 0.409% 8 京东集团总部 0.372% 9 华联商厦(通胡大街店) 0.336% 10 京东运乔建材城 0.292% 排名 居住
20_raw_data/pdf/城市绿心公园区域大数据分析报告-20221023-20231022(1).pdf,page,9,1,16,15,0,4,Dream Deck F120热门到访地点分析 排序 POI名称 指数 扩展信息 1 北京宴(通州大运河店) 2624 人均消费434元 2 熙僖小馆(副中心绿心公园店) 2079 人均消费118元 3 金鼎轩·南北家乡菜(绿心路分 店) 845 人均消费95元 4 砖城徽菜 845 人均消费203元 20221023-20231022期间到访“城市绿心公园”的流动人口，在区域内范围内最热门到访的美 食类地点为“北京宴(通州大运河店)”
20_raw_data/pdf/城市绿心公园区域大数据分析报告-20221023-20231022(1).pdf,page,10,1,16,62,0,19,Dream Deck F120热门到访地点分析 排序 POI名称 指数 扩展信息 排序 POI名称 指数 扩展信息 1 簋街 4807 2 gulugulu(中国国际贸易中心 店) 4161 人均消费28元 3 必胜客(朝阳大悦城店) 4075 人均消费85元 4 麦当劳(物资学院店) 4073 人均消费29元 5 北门涮肉(南锣鼓巷店) 4033 人均消费108元 6 福兰德酒楼(龙旺庄店) 3973 人均消费86元 7 肯德基(珠市
20_raw_data/pdf/城市绿心公园区域大数据分析报告-20221023-20231022(1).pdf,page,11,1,16,44,0,0,Dream Deck F120热门到访地点分析 排序 POI名称 指数 扩展信息 排序 POI名称 指数 扩展信息 1 联东u谷 4476 2 北京创业港湾科技有限公司 4317 3 中国联通北京市分公司(上四 条) 4102 4 一花一界集团 4059 5 东方盛泽集团 4018 6 雅客智慧(北京)科技有限公司 3959 7 北京佳泰新材料有限公司 3924 8 甘李药业股份有限公司 3922 9 北京四环制药有限公司 3904 1
20_raw_data/pdf/城市绿心公园区域大数据分析报告-20221023-20231022(1).pdf,page,12,1,16,44,0,0,Dream Deck F120热门到访地点分析 排序 POI名称 指数 扩展信息 排序 POI名称 指数 扩展信息 1 北京通州万达广场 5312 2 领展购物广场·京通 5022 3 新华联 4986 4 北京金融街 4982 5 龙湖北京长楹天街 4803 6 北京朝阳合生汇 4786 7 通州万达广场西门金街b区 4778 8 十里河家居建材商业街 4740 9 西单商业街 4675 10 朝阳大悦城 4667 11 鑫隆生活广场
20_raw_data/pdf/城市绿心公园区域大数据分析报告-20221023-20231022(1).pdf,page,13,1,16,43,0,0,Dream Deck F120热门到访地点分析 排序 POI名称 指数 扩展信息 排序 POI名称 指数 扩展信息 1 链家地产(双龙南里店) 4019 2 宠福鑫动物医院(东方丽景分 院) 3643 3 麦田房产(将台路店) 3567 4 建国门三菱空调维修社区服 务中心 3564 5 麦田房产(利泽西园一区店) 3542 6 landz 3537 7 麦田房产(华纺易城店) 3516 8 美玉萱城美容养生会所 3505 9 恒洋地产
20_raw_data/pdf/城市绿心公园区域大数据分析报告-20221023-20231022(1).pdf,page,14,1,16,43,0,0,Dream Deck F120热门到访地点分析 排序 POI名称 指数 扩展信息 排序 POI名称 指数 扩展信息 1 北京环球度假区 5048 2 欢乐谷 4320 3 国家大剧院 4228 4 瑞幸咖啡(乐成中心店) 4126 5 瑞幸咖啡(汇佳大厦店) 4054 6 瑞幸咖啡(富顿中心店) 3945 7 星巴克(首都机场t3停车楼店) 3941 8 starbucks coffee(中国国际 贸易中心店) 3904 9 在水一方(
20_raw_data/pdf/城市绿心公园区域大数据分析报告-20221023-20231022(1).pdf,page,15,1,16,43,0,0,Dream Deck F120热门到访地点分析 排序 POI名称 指数 扩展信息 排序 POI名称 指数 扩展信息 1 健龙森体育健身俱乐部 4110 2 国家奥林匹克体育中心 3922 3 北京工人体育场 3596 4 国家体育场 3566 5 地坛体育中心 3454 6 北京经济技术开发区体育中 心 3400 7 行雲运动空间 3386 8 朝阳体育中心 3378 9 水立方 3255 10 中科力行健身红馆 3254 11 丰台体
20_raw_data/pdf/城市绿心公园区域大数据分析报告-20221023-20231022(1).pdf,page,16,1,16,43,0,0,Dream Deck F120热门到访地点分析 排序 POI名称 指数 扩展信息 排序 POI名称 指数 扩展信息 1 东方时尚驾校 4281 2 小海豚北京市通州运恒加油 站 4178 3 中国石油方深加油站 4171 4 玛莎拉蒂(北京嘉骏店) 4158 5 北城石化城北加油站 4101 6 北京明天第一城店 4041 7 小海豚加油站北京小红门站 4032 8 中化石油(城南加油站) 4011 9 众诚连锁天盛加油站 3948 1
20_raw_data/pdf/城市绿心公园区域大数据分析报告-20221023-20231022(1).pdf,page,17,1,16,43,0,0,Dream Deck F120热门到访地点分析 排序 POI名称 指数 扩展信息 排序 POI名称 指数 扩展信息 1 首都医科大学附属北京潞河 医院 4834 2 通州区妇幼保健院 4737 3 北京友谊医院(通州院区) 4378 4 首都医科大学附属北京同仁 医院 4363 5 北京协和医院(东院) 4314 6 首都儿科研究所附属儿童医 院 4189 7 北京友谊医院(西城院区) 4180 8 首都医科大学附属北京儿童 医院 41
20_raw_data/pdf/城市绿心公园区域大数据分析报告-20221023-20231022(1).pdf,page,18,1,16,62,0,18,Dream Deck F120热门到访地点分析 排序 POI名称 指数 扩展信息 排序 POI名称 指数 扩展信息 1 京伦饭店 4225 酒店起价677元 2 北京万隆宾馆 4225 酒店起价140元 3 北京天元商务酒店(通州果园 地铁站店) 4151 酒店起价174元 4 北京崇文门饭店 4150 酒店起价461元 5 速8酒店(北京通州梨园云景里 店) 4101 酒店起价192元 6 北京将台酒店 4078 酒店起价288元 7
20_raw_data/pdf/城市绿心公园区域大数据分析报告-20221023-20231022(1).pdf,page,19,1,16,43,0,2,Dream Deck F120热门到访地点分析 排序 POI名称 指数 扩展信息 排序 POI名称 指数 扩展信息 1 城市绿心森林公园 5572 景区级别其他 2 北京奥林匹克公园 5359 景区级别aaaaa 3 北京(通州)大运河文化旅游景 区 5243 景区级别其他 4 长安街 5119 景区级别无 5 奥林匹克森林公园 5041 景区级别aaaaa 6 通州运河公园 4982 景区级别aaa 7 新城滨河森林公园 4972 景
20_raw_data/pdf/城市绿心公园区域大数据分析报告-20221023-20231022(1).pdf,page,20,1,16,43,0,0,Dream Deck F120热门到访地点分析 排序 POI名称 指数 扩展信息 排序 POI名称 指数 扩展信息 1 中国国家博物馆 3909 2 全国农业展览馆 3739 3 中国农业博物馆 3652 4 中国国际展览中心(顺义馆) 3630 5 中国电影博物馆 3596 6 北京展览馆 3549 7 北京汽车博物馆 3502 8 中华民族博物院(南园) 3500 9 中国民兵武器装备陈列馆 3418 10 中国铁道博物馆(正阳门馆
20_raw_data/pdf/城市绿心公园区域大数据分析报告-20221023-20231022(1).pdf,page,21,1,16,43,0,0,Dream Deck F120热门到访地点分析 排序 POI名称 指数 扩展信息 排序 POI名称 指数 扩展信息 1 中国传媒大学 4905 2 中国人民大学(东校区) 4853 3 北京大学 4838 4 北京科技大学 4785 5 北京联合大学 4680 6 北京外国语大学 4629 7 北京航空航天大学 4618 8 北京理工大学 4587 9 清华大学 4579 10 北京工业大学 4491 11 北京化工大学(东校区) 44
20_raw_data/pdf/城市绿心公园区域大数据分析报告-20221023-20231022(1).pdf,page,22,1,16,43,0,0,Dream Deck F120热门到访地点分析 排序 POI名称 指数 扩展信息 排序 POI名称 指数 扩展信息 1 北京银行(总行营业部) 4140 2 中国工商银行(北京长椿街支 行) 3982 3 中国工商银行(北京大望路支 行) 3968 4 南京银行(北京分行营业部) 3797 5 北京银行(华安支行) 3783 6 中国农业银行(银街支行) 3780 7 平安银行(北京东三环支行) 3773 8 北京银行(国际新城支行) 
20_raw_data/pdf/城市绿心公园区域大数据分析报告-20221023-20231022(1).pdf,page,23,1,16,43,0,0,Dream Deck F120热门到访地点分析 排序 POI名称 指数 扩展信息 排序 POI名称 指数 扩展信息 1 北京首都国际机场 5287 2 北京南站 5111 3 北京大兴国际机场 5026 4 北京西站 4883 5 北京朝阳站 4786 6 北京首都国际机场t3航站楼 4727 7 北京首都国际机场t3航站楼c 区 4688 8 北京丰台站 4556 9 清河站 4555 10 收费站(出口方向) 4421 11 北京首
20_raw_data/pdf/城市绿心公园区域大数据分析报告-20221023-20231022(1).pdf,page,24,1,16,43,0,0,Dream Deck F120热门到访地点分析 排序 POI名称 指数 扩展信息 排序 POI名称 指数 扩展信息 1 中国(北京)自由贸易试验区国 际商务服务片区 6304 2 北京商务中心区(北京cbd) 5941 3 未来科学城 5646 4 中国(北京)自由贸易试验区高 端产业片区 5473 5 中关村 5256 6 太玉园 5252 7 西富河园 5179 8 科技园区 5148 9 环湖小镇 5147 10 时尚街区 514
20_raw_data/pdf/城市绿心公园区域大数据分析报告-20221023-20231022(1).pdf,page,25,1,14,43,0,0,Dream Deck F130热门到访品牌分析 排序 品牌名称 指数 排序 品牌名称 指数 1 麦当劳 5084 2 肯德基 4779 3 必胜客 4607 4 聚点串吧 4539 5 南城香 4416 6 奈雪の茶 4255 7 玉林烤鸭店 4245 8 味多美 4242 9 四季民福烤鸭店 4209 10 聚宝源 4208 11 永顺炸鸡 4117 12 旺顺阁鱼头泡饼店 4098 13 北门涮肉 4083 14 丰茂烤串 4075
20_raw_data/pdf/城市绿心公园区域大数据分析报告-20221023-20231022(1).pdf,page,26,1,14,44,0,0,Dream Deck F130热门到访品牌分析 排序 品牌名称 指数 排序 品牌名称 指数 1 便利蜂 5544 2 万达广场 5407 3 新华联超市 5188 4 龙湖天街 4883 5 凯德广场 4790 6 大悦城 4729 7 贵友大厦 4600 8 盒马鲜生 4527 9 华联购物中心 4502 10 bhg时尚百货 4485 11 京妮儿童汇 4468 12 北京华联 4423 13 超市发超市 4401 14 苏宁易购 
20_raw_data/pdf/城市绿心公园区域大数据分析报告-20221023-20231022(1).pdf,page,27,1,14,44,0,0,Dream Deck F130热门到访品牌分析 排序 品牌名称 指数 排序 品牌名称 指数 1 链家地产 5124 2 麦田房产 4558 3 21世纪不动产 3660 4 宠福鑫动物医院 3645 5 去哪儿 3618 6 landz 3571 7 克丽缇娜 3562 8 金色时光房产 3522 9 恒洋地产 3505 10 时尚码头 3505 11 爱秀造型 3497 12 永琪美容美发 3489 13 丽锦美容美发 3473 14
20_raw_data/pdf/城市绿心公园区域大数据分析报告-20221023-20231022(1).pdf,page,28,1,14,43,0,0,Dream Deck F130热门到访品牌分析 排序 品牌名称 指数 排序 品牌名称 指数 1 luckincoffee 4747 2 星巴克 4582 3 北派修脚 4208 4 华夏良子 4144 5 唱吧麦颂ktv 4053 6 汤泉良子 3966 7 华清池修脚 3903 8 costacoffee 3868 9 在水一方 3833 10 漫咖啡 3806 11 郑远元专业修脚房 3651 12 万达影城 3611 13 man
20_raw_data/pdf/城市绿心公园区域大数据分析报告-20221023-20231022(1).pdf,page,29,1,14,43,0,0,Dream Deck F130热门到访品牌分析 排序 品牌名称 指数 排序 品牌名称 指数 1 中体盛世国际健身 3200 2 中体倍力健身俱乐部 3097 3 中田健身工作室 2555 4 supermonkey超级猩猩健身 2445 5 爱尚健身 2437 6 oxygym奥美氧舱运动中心 2389 7 博康游泳健身 2045 8 乐刻运动健身 1995 9 奥力健身 1929 10 漾健身工作室 1924 11 一兆韦德 1903
20_raw_data/pdf/城市绿心公园区域大数据分析报告-20221023-20231022(1).pdf,page,30,1,14,43,0,0,Dream Deck F130热门到访品牌分析 排序 品牌名称 指数 排序 品牌名称 指数 1 中国石化 5471 2 中国石油 5235 3 中化石油 4483 4 小海豚加油站 4412 5 壳牌 4304 6 中图石油 4217 7 中化道达尔 4200 8 玛莎拉蒂 4161 9 途虎养车 3995 10 中国海油 3984 11 神州租车 3963 12 众诚加油站 3949 13 海湾石油加油站 3897 14 比亚迪 37
20_raw_data/pdf/城市绿心公园区域大数据分析报告-20221023-20231022(1).pdf,page,31,1,14,44,0,0,Dream Deck F130热门到访品牌分析 排序 品牌名称 指数 排序 品牌名称 指数 1 同仁堂 3700 2 明医堂 3512 3 邻客智慧药房 3483 4 金象大药房 3378 5 天保堂平价大药房 3344 6 好一生药房 2990 7 111医药馆 2983 8 宝芝堂 2856 9 紫晶百姓大药房 2822 10 医保中洋大药房 2770 11 百康药房 2670 12 林生堂大药房 2662 13 仁德益药店 255
20_raw_data/pdf/城市绿心公园区域大数据分析报告-20221023-20231022(1).pdf,page,32,1,14,47,0,0,Dream Deck F130热门到访品牌分析 排序 品牌名称 指数 排序 品牌名称 指数 1 汉庭酒店 5012 2 全季酒店 4866 3 桔子酒店 4708 4 喆啡酒店 4659 5 速8酒店 4651 6 丽枫酒店 4611 7 7天连锁酒店 4587 8 如家酒店 4566 9 格林豪泰 4528 10 秋果精品酒店 4392 11 桔子水晶酒店 4381 12 亚朵酒店 4378 13 汉庭优佳酒店 4306 14 海友酒
20_raw_data/pdf/城市绿心公园区域大数据分析报告-20221023-20231022(1).pdf,page,33,1,14,43,0,0,Dream Deck F130热门到访品牌分析 排序 品牌名称 指数 排序 品牌名称 指数 1 高思教育 4413 2 汉翔书法教育 3645 3 育才教育 3564 4 金宝贝早教 3230 5 高顿教育 3148 6 新东方烹饪学校 3065 7 华图教育 2992 8 宝贝计画儿童美术 2970 9 环球少年 2951 10 卡巴青少儿科技活动中心 2873 11 北大青鸟 2841 12 文新学堂 2766 13 新东方学校 2
20_raw_data/pdf/城市绿心公园区域大数据分析报告-20221023-20231022(1).pdf,page,34,1,14,43,0,0,Dream Deck F130热门到访品牌分析 排序 品牌名称 指数 排序 品牌名称 指数 1 北京银行 4936 2 中国工商银行 4650 3 中国建设银行 4393 4 平安银行 4235 5 交通银行 4207 6 浙商银行 4170 7 中国农业银行 4166 8 中国银行 4080 9 南京银行 4067 10 招商银行 4060 11 兴业银行 4058 12 中信银行 3994 13 北京农商银行 3822 14 中国邮
20_raw_data/pdf/城市绿心公园区域大数据分析报告-20221023-20231022(1).pdf,page,35,1,24,35,22,0,Dream Deck A10人群画像分析-基础属性-职业细分 职业细分 占比 北京市大盘 TGI 网络销售/运营/服务 11.70% 101 软件工程师 12.14% 86 文案/活动策划 7.89% 110 投资/理财顾问 8.22% 105 培训讲师 8.54% 97 售前/售后技术支持工程师 6.50% 100 前台接待/总机 6.34% 101 技术工人/技师 5.79% 105 财务/会计/审计/税务/出纳 5.16% 103
20_raw_data/pdf/城市绿心公园区域大数据分析报告-20221023-20231022(1).pdf,page,36,1,20,11,6,0,Dream Deck A10人群画像分析-基础属性-性别 男 女 性别 占比 北京市大盘 TGI 男 61.71% 56.68% 108 女 38.29% 43.32% 88 20221023-20231022期间到访“城市绿心公园”的流动人口中，性别“男”的占比最高，为 61.71%（北京市性别“男”占比56.68%）。
20_raw_data/pdf/城市绿心公园区域大数据分析报告-20221023-20231022(1).pdf,page,37,1,24,35,22,0,Dream Deck A10人群画像分析-基础属性-所在行业 所在行业 占比 北京市大盘 TGI 建筑地产 6.46% 159 IT互联网 8.81% 96 金融 8.04% 99 媒体/文化传媒/公关 7.58% 102 公务员 6.41% 108 生活服务 6.72% 102 教育 7.72% 86 贸易/批发/零售 5.29% 103 法律 5.47% 96 石油/化工/矿产/地质/能源 5.39% 93 10.27% 8.51%
20_raw_data/pdf/城市绿心公园区域大数据分析报告-20221023-20231022(1).pdf,page,38,1,24,28,12,0,Dream Deck A10人群画像分析-基础属性-人生阶段 0 10 20 30 40 50 60 70 上班族 自由职业 中学生 退休 大学生 人生阶段 占比 北京市大盘 TGI 上班族 63.90% 39.86% 160 自由职业 23.36% 37.11% 62 中学生 5.27% 8.06% 65 退休 3.96% 7.72% 51 大学生 3.51% 7.24% 48 20221023-20231022期间到访“城市绿心公园
20_raw_data/pdf/城市绿心公园区域大数据分析报告-20221023-20231022(1).pdf,page,39,1,24,70,18,0,Dream Deck A10人群画像分析-基础属性-年龄 0 5 10 15 20 25 30 31-35 36-40 46-60 25-30 41-45 18-24 0-17 61以上 年龄 占比 北京市大盘 TGI 31-35 24.71% 17.29% 142 36-40 18.25% 11.46% 159 46-60 15.99% 18.67% 85 25-30 15.12% 16.71% 90 41-45 9.89% 7.70
20_raw_data/pdf/城市绿心公园区域大数据分析报告-20221023-20231022(1).pdf,page,40,1,24,33,16,0,Dream Deck A10人群画像分析-基础属性-学历 0 10 20 30 40 50 60 本科 初中 高中 小学 大专 硕士 博士 学历 占比 北京市大盘 TGI 本科 49.04% 46.60% 105 初中 15.27% 16.88% 90 高中 10.91% 12.46% 87 小学 10.05% 9.39% 106 大专 6.80% 7.52% 90 硕士 6.61% 5.72% 115 博士 1.31% 1.42% 9
20_raw_data/pdf/城市绿心公园区域大数据分析报告-20221023-20231022(1).pdf,page,41,1,24,65,16,0,Dream Deck A10人群画像分析-基础属性-职住距离 0 2 4 6 8 10 12 14 16 18 20 1公里内 1-3公里 15-25公里5-10公里 3-5公里 10-15公里25-40公里 职住距离 占比 北京市大盘 TGI 1公里内 18.87% 25.29% 74 1-3公里 17.71% 18.57% 95 15-25公里 16.20% 11.72% 138 5-10公里 15.89% 17.37% 91 3-
20_raw_data/pdf/城市绿心公园区域大数据分析报告-20221023-20231022(1).pdf,page,42,1,22,14,8,0,Dream Deck A10人群画像分析-基础属性-婚育状态 婚育状态 占比 北京市大盘 TGI 已育 49.17% 141 未婚 48.50% 58 已婚未育 2.33% 86 69.49% 28.51% 2.00% 20221023-20231022期间到访“城市绿心公园”的流动人口中，婚育状态“已育”的占比最高， 为69.49%（北京市婚育状态“已育”占比49.17%）。
20_raw_data/pdf/城市绿心公园区域大数据分析报告-20221023-20231022(1).pdf,page,43,1,22,14,11,0,Dream Deck A10人群画像分析-基础属性-常驻区县V2 常驻区县V2 占比 北京市-北京市-通州区 北京市-北京市-朝阳区 北京市-北京市-海淀区 北京市-北京市-大兴区 北京市-北京市-丰台区 北京市-北京市-顺义区 河北省-廊坊市-三河市 北京市-北京市-西城区 北京市-北京市-昌平区 北京市-北京市-东城区 37.38% 17.47% 3.86% 3.75% 3.29% 2.77% 2.76% 2.16% 1.99% 1
20_raw_data/pdf/城市绿心公园区域大数据分析报告-20221023-20231022(1).pdf,page,44,1,20,14,11,0,Dream Deck A10人群画像分析-基础属性-活跃商圈v2 活跃商圈v2 人群覆盖度 临河里-北京市 九棵树-北京市 玉桥-北京市 梨园-北京市 潞邑-北京市 武夷花园-北京市 新华东街-北京市 通州北苑-北京市 通州北关-北京市 文景-北京市 13.05% 11.45% 9.32% 7.96% 6.63% 6.49% 5.92% 5.68% 4.31% 3.65% 20221023-20231022期间到访“城市绿心公园”的流动
20_raw_data/pdf/城市绿心公园区域大数据分析报告-20221023-20231022(1).pdf,page,45,1,22,14,11,0,Dream Deck A10人群画像分析-基础属性-在读学校 在读学校 占比 中国人民大学东校区 北京工业大学 中国传媒大学 北京物资学院 北京现代音乐研修学院 北京工商大学嘉华学院 清华大学 北京林业大学 燕京理工学院 首都师范大学 7.91% 3.57% 3.28% 3.23% 2.96% 2.06% 2.06% 1.86% 1.59% 1.53% 20221023-20231022期间到访“城市绿心公园”的流动人口中，在读学校“中
20_raw_data/pdf/城市绿心公园区域大数据分析报告-20221023-20231022(1).pdf,page,46,1,22,14,11,0,Dream Deck A10人群画像分析-基础属性-常驻省份 常驻省份 占比 北京市 河北省 天津市 山东省 河南省 内蒙古自治区 辽宁省 山西省 江苏省 广东省 77.20% 10.26% 1.85% 1.43% 1.28% 0.77% 0.76% 0.63% 0.62% 0.60% 20221023-20231022期间到访“城市绿心公园”的流动人口中，常驻省份“北京市”的占比最 高，为77.20%。
20_raw_data/pdf/城市绿心公园区域大数据分析报告-20221023-20231022(1).pdf,page,47,1,22,14,11,0,Dream Deck A10人群画像分析-基础属性-家乡地V2 家乡地V2 占比 北京市-北京市 河北省-廊坊市 河北省-邯郸市 河北省-保定市 天津市-天津市 河北省-张家口市 河北省-承德市 河北省-沧州市 河北省-衡水市 河北省-邢台市 51.11% 5.66% 2.57% 2.44% 1.66% 1.35% 1.28% 0.98% 0.96% 0.95% 20221023-20231022期间到访“城市绿心公园”的流动人口中，家
20_raw_data/pdf/城市绿心公园区域大数据分析报告-20221023-20231022(1).pdf,page,48,1,22,14,11,0,Dream Deck A10人群画像分析-基础属性-常驻城市V2 常驻城市V2 占比 北京市-北京市 河北省-廊坊市 天津市-天津市 河北省-保定市 河北省-邯郸市 河北省-唐山市 河北省-石家庄市 河北省-沧州市 河北省-张家口市 上海市-上海市 77.20% 5.87% 1.85% 1.03% 0.55% 0.47% 0.47% 0.41% 0.40% 0.39% 20221023-20231022期间到访“城市绿心公园”的流动人口
20_raw_data/pdf/城市绿心公园区域大数据分析报告-20221023-20231022(1).pdf,page,49,1,24,80,20,0,Dream Deck A10人群画像分析-财富属性-居住社区房价 0 5 10 15 20 25 30 35 40 45 40000-59999 20000-39999 10000-19999 60000-79999 80000-99999 >100000 5000-7999 8000-9999 2000-4999 居住社区房价 占比 北京市大盘 TGI 40000-59999 39.91% 32.49% 122 20000-39999
20_raw_data/pdf/城市绿心公园区域大数据分析报告-20221023-20231022(1).pdf,page,50,1,24,28,12,0,Dream Deck A10人群画像分析-财富属性-全国消费水平v2 0 10 20 30 40 50 60 70 高 次高 中 低 次低 全国消费水平v2 占比 北京市大盘 TGI 高 64.62% 63.96% 101 次高 22.95% 29.53% 77 中 8.06% 2.42% 332 低 2.61% 3.63% 71 次低 1.76% 0.45% 391 20221023-20231022期间到访“城市绿心公园”的流动人口
20_raw_data/pdf/城市绿心公园区域大数据分析报告-20221023-20231022(1).pdf,page,51,1,22,39,22,0,Dream Deck A10人群画像分析-财富属性-到访4S店品牌 到访4S店品牌 人群覆盖度 北京市大盘 TGI 奔驰 10.26% 183 宝马 10.53% 84 丰田 7.97% 85 沃尔沃 3.41% 197 奥迪 6.51% 93 比亚迪 1.57% 298 上海大众 6.38% 73 一汽大众 6.24% 71 长安 2.57% 105 东风 2.42% 109 18.82% 8.95% 6.80% 6.73% 6.09
20_raw_data/pdf/城市绿心公园区域大数据分析报告-20221023-20231022(1).pdf,page,52,1,22,22,8,0,Dream Deck A10人群画像分析-财富属性-通勤方式 0 10 20 30 40 50 60 70 公交 自驾 地铁 通勤方式 占比 北京市大盘 TGI 公交 60.53% 55.59% 108 自驾 20.22% 14.74% 137 地铁 19.24% 29.67% 64 20221023-20231022期间到访“城市绿心公园”的流动人口中，通勤方式“公交”的占比最高， 为60.53%（北京市通勤方式“公交”占比55.59
20_raw_data/pdf/城市绿心公园区域大数据分析报告-20221023-20231022(1).pdf,page,53,1,24,64,16,16,Dream Deck A10人群画像分析-财富属性-餐饮消费水平 0 5 10 15 20 25 30 35 40 45 101-150元51-100元 50元以内151-200元201-300元301-500元500元以上 餐饮消费水平 占比 北京市大盘 TGI 101-150元 40.05% 33.23% 120 51-100元 29.44% 31.41% 93 50元以内 17.07% 21.04% 81 151-200元 7.2
20_raw_data/pdf/城市绿心公园区域大数据分析报告-20221023-20231022(1).pdf,page,54,1,20,11,6,0,Dream Deck A10人群画像分析-财富属性-是否有车v2 是 否 是否有车v2 占比 北京市大盘 TGI 是 76.78% 52.98% 144 否 23.22% 47.02% 49 20221023-20231022期间到访“城市绿心公园”的流动人口中，是否有车v2“是”的占比最高， 为76.78%（北京市是否有车v2“是”占比52.98%）。
20_raw_data/pdf/城市绿心公园区域大数据分析报告-20221023-20231022(1).pdf,page,55,1,24,56,14,0,Dream Deck A10人群画像分析-财富属性-餐饮消费频次 0 10 20 30 40 50 60 1-2次 11次及以上 3-4次 5-6次 7-8次 9-10次 餐饮消费频次 占比 北京市大盘 TGI 1-2次 53.41% 67.94% 78 11次及以上 17.68% 7.15% 247 3-4次 14.67% 13.90% 105 5-6次 7.19% 5.90% 121 7-8次 4.19% 3.17% 132 9-1
20_raw_data/pdf/城市绿心公园区域大数据分析报告-20221023-20231022(1).pdf,page,56,1,24,30,12,0,Dream Deck A10人群画像分析-财富属性-城市消费水平v2 0 5 10 15 20 25 30 35 40 45 中 次高 高 次低 低 城市消费水平v2 占比 北京市大盘 TGI 中 41.41% 40.69% 101 次高 22.41% 20.11% 111 高 19.11% 10.00% 191 次低 11.94% 19.20% 62 低 5.12% 10.00% 51 20221023-20231022期间到访“城市
20_raw_data/pdf/城市绿心公园区域大数据分析报告-20221023-20231022(1).pdf,page,57,1,24,90,22,0,Dream Deck A10人群画像分析-财富属性-居住社区房价细分 0 5 10 15 20 25 30 40000-49999 50000-59999 30000-39999 10000-19999 20000-29999 60000-69999 >=100000 70000-79999 5000-7999 90000-99999 8000-9999 80000-89999 2000-4999 居住社区房价细分 占比 北京市大盘 T
20_raw_data/pdf/城市绿心公园区域大数据分析报告-20221023-20231022(1).pdf,page,58,1,24,29,12,0,Dream Deck A10人群画像分析-财富属性-酒店消费价格等级 0 5 10 15 20 25 30 35 40 中 次高 高 次低 低 酒店消费价格等级 占比 北京市大盘 TGI 中 37.68% 36.90% 102 次高 26.09% 24.25% 107 高 16.70% 15.77% 105 次低 13.22% 16.08% 82 低 6.30% 7.00% 90 20221023-20231022期间到访“城市绿心公园
20_raw_data/pdf/城市绿心公园区域大数据分析报告-20221023-20231022(1).pdf,page,59,1,24,74,20,20,Dream Deck A10人群画像分析-财富属性-酒店消费水平 0 5 10 15 20 25 601-800元 151-300元 451-600元 301-450元 801-1000元 1001-1500元 150元以内 1501-2000元 2000元以上 酒店消费水平 占比 北京市大盘 TGI 601-800元 19.56% 17.82% 109 151-300元 18.37% 19.91% 92 451-600元 17.48%
20_raw_data/pdf/城市绿心公园区域大数据分析报告-20221023-20231022(1).pdf,page,60,1,24,49,14,0,Dream Deck A10人群画像分析-财富属性-商场到店频次 1-2次 3-4次 5-6次 11次及以上 7-8次 9-10次 商场到店频次 占比 北京市大盘 TGI 1-2次 56.60% 65.95% 85 3-4次 19.49% 18.10% 107 5-6次 8.53% 7.06% 120 11次及以上 8.47% 3.94% 215 7-8次 4.35% 3.25% 133 9-10次 2.54% 1.70% 150 20
20_raw_data/pdf/城市绿心公园区域大数据分析报告-20221023-20231022(1).pdf,page,61,1,24,20,12,0,Dream Deck A10人群画像分析-财富属性-居住社区房价等级 中 次低 次高 低 高 居住社区房价等级 占比 北京市大盘 TGI 中 51.35% 41.10% 124 次低 15.04% 20.38% 73 次高 15.01% 20.64% 72 低 10.85% 7.54% 143 高 7.75% 10.34% 74 20221023-20231022期间到访“城市绿心公园”的流动人口中，居住社区房价等级“中”的占 比最高，
20_raw_data/pdf/城市绿心公园区域大数据分析报告-20221023-20231022(1).pdf,page,62,1,22,47,22,0,Dream Deck A10人群画像分析-旅行偏好-出游月份 出游月份 人群覆盖度 北京市大盘 TGI 08月 47.59% 112 01月 46.03% 112 05月 46.86% 105 07月 42.17% 117 06月 35.41% 113 09月 39.01% 100 02月 33.76% 107 04月 30.37% 118 03月 24.15% 119 10月 13.17% 118 53.59% 51.69% 49.5
20_raw_data/pdf/城市绿心公园区域大数据分析报告-20221023-20231022(1).pdf,page,63,1,20,11,6,0,Dream Deck A10人群画像分析-旅行偏好-出国游 否 是 出国游 占比 北京市大盘 TGI 否 95.75% 96.64% 99 是 4.25% 3.36% 126 20221023-20231022期间到访“城市绿心公园”的流动人口中，出国游“否”的占比最高，为 95.75%（北京市出国游“否”占比96.64%）。
20_raw_data/pdf/城市绿心公园区域大数据分析报告-20221023-20231022(1).pdf,page,64,1,24,17,10,0,Dream Deck A10人群画像分析-旅行偏好-旅游距离 长途 无出游 近途 中途 旅游距离 占比 北京市大盘 TGI 长途 29.00% 18.95% 153 无出游 28.86% 53.22% 54 近途 23.67% 14.97% 158 中途 18.47% 12.85% 143 20221023-20231022期间到访“城市绿心公园”的流动人口中，旅游距离“长途”的占比最高， 为29.00%（北京市旅游距离“长途”占比18
20_raw_data/pdf/城市绿心公园区域大数据分析报告-20221023-20231022(1).pdf,page,65,1,20,11,6,0,Dream Deck A10人群画像分析-旅行偏好-差旅常客 否 是 差旅常客 占比 北京市大盘 TGI 否 90.73% 94.98% 95 是 9.27% 5.02% 184 20221023-20231022期间到访“城市绿心公园”的流动人口中，差旅常客“否”的占比最高， 为90.73%（北京市差旅常客“否”占比94.98%）。
20_raw_data/pdf/城市绿心公园区域大数据分析报告-20221023-20231022(1).pdf,page,66,1,22,20,12,0,Dream Deck A10人群画像分析-到访偏好-酒店宾馆 酒店宾馆 人群覆盖度 北京市大盘 TGI 星级酒店 16.85% 155 经济型酒店 9.50% 166 度假村 3.37% 271 公寓式酒店 3.52% 213 旅馆招待所 1.77% 209 26.12% 15.84% 9.14% 7.52% 3.71% 20221023-20231022期间到访“城市绿心公园”的流动人口中，酒店宾馆“星级酒店”的人群 覆盖度最高，为2
20_raw_data/pdf/城市绿心公园区域大数据分析报告-20221023-20231022(1).pdf,page,67,1,22,35,22,0,Dream Deck A10人群画像分析-到访偏好-医疗保健 医疗保健 人群覆盖度 北京市大盘 TGI 综合医院 23.29% 142 药房药店 1.39% 287 专科医院 妇产科 1.09% 267 专科医院 齿科 1.10% 242 专科医院 其它专科医院 1.19% 212 专科医院 儿科 0.56% 351 专科医院 整形 0.50% 341 专科医院 肿瘤 0.50% 253 专科医院 眼科 0.24% 337 专科医院 骨
20_raw_data/pdf/城市绿心公园区域大数据分析报告-20221023-20231022(1).pdf,page,68,1,22,35,22,0,Dream Deck A10人群画像分析-到访偏好-运动健身 运动健身 人群覆盖度 北京市大盘 TGI 高尔夫场 3.96% 234 健身中心 2.38% 256 综合体育场馆 3.09% 190 台球馆 0.94% 219 滑雪 0.93% 202 瑜伽 0.56% 271 游泳馆 0.42% 249 溜冰 0.14% 377 舞蹈 0.19% 251 足球场 0.09% 359 9.28% 6.11% 5.89% 2.06% 1.8
20_raw_data/pdf/城市绿心公园区域大数据分析报告-20221023-20231022(1).pdf,page,69,1,22,35,22,0,Dream Deck A10人群画像分析-到访偏好-旅游景点 旅游景点 人群覆盖度 北京市大盘 TGI 公园 14.55% 203 风景名胜 8.02% 202 国家级景点 8.29% 195 城市广场 3.24% 227 植物园 0.43% 400 动物园 0.41% 386 世界遗产 0.65% 213 寺庙道观 0.41% 248 省级景点 0.41% 251 水族馆 0.07% 272 29.66% 16.23% 16.19% 
20_raw_data/pdf/城市绿心公园区域大数据分析报告-20221023-20231022(1).pdf,page,70,1,22,35,22,0,Dream Deck A10人群画像分析-到访偏好-美食 美食 人群覆盖度 北京市大盘 TGI 小吃快餐 4.67% 223 火锅 2.11% 250 清真 1.34% 313 烧烤 1.15% 301 日韩菜 0.92% 261 面包甜点 0.83% 285 冷饮店 0.95% 216 家常菜 0.50% 370 西餐 0.70% 255 私家菜 0.42% 319 10.45% 5.29% 4.20% 3.48% 2.39% 2.3
20_raw_data/pdf/城市绿心公园区域大数据分析报告-20221023-20231022(1).pdf,page,71,1,22,23,14,0,Dream Deck A10人群画像分析-到访偏好-汽车 汽车 人群覆盖度 北京市大盘 TGI 汽车销售 8.73% 224 汽车维修 4.85% 259 驾校 2.92% 217 车辆管理机构 2.02% 310 二手车交易市场 1.31% 321 汽车租赁 0.56% 262 19.57% 12.59% 6.36% 6.27% 4.21% 1.48% 20221023-20231022期间到访“城市绿心公园”的流动人口中，汽车“汽车
20_raw_data/pdf/城市绿心公园区域大数据分析报告-20221023-20231022(1).pdf,page,72,1,22,35,22,0,Dream Deck A10人群画像分析-到访偏好-娱乐休闲 娱乐休闲 人群覆盖度 北京市大盘 TGI 洗浴推拿足疗 4.27% 232 户外活动:游乐场 1.20% 276 咖啡厅 1.35% 241 剧场音乐厅 1.73% 181 网吧 0.77% 227 酒吧 0.47% 299 度假疗养 0.43% 256 电影院 0.42% 244 户外活动:水上活动中心 0.27% 219 夜总会 0.09% 326 9.92% 3.31%
20_raw_data/pdf/城市绿心公园区域大数据分析报告-20221023-20231022(1).pdf,page,73,1,22,26,16,0,Dream Deck A10人群画像分析-到访偏好-教育学校 教育学校 人群覆盖度 北京市大盘 TGI 大学 14.40% 134 培训 4.63% 219 中学 4.84% 193 小学 3.89% 216 幼儿园 3.10% 227 职业技术学校 1.78% 235 成人教育 0.23% 293 19.39% 10.15% 9.36% 8.42% 7.05% 4.19% 0.67% 20221023-20231022期间到访“城市绿
20_raw_data/pdf/城市绿心公园区域大数据分析报告-20221023-20231022(1).pdf,page,74,1,22,35,22,0,Dream Deck A10人群画像分析-到访偏好-到访偏好大类 到访偏好大类 人群覆盖度 北京市大盘 TGI 购物 65.74% 125 房产（楼宇类型） 62.14% 119 旅游景点 33.49% 159 酒店宾馆 35.78% 138 美食 31.90% 149 医疗保健 31.59% 140 教育学校 30.26% 135 基础设施 25.82% 148 汽车 15.90% 211 娱乐休闲 12.56% 190 82.66%
20_raw_data/pdf/城市绿心公园区域大数据分析报告-20221023-20231022(1).pdf,page,75,1,18,11,6,0,Dream Deck A10人群画像分析-到访偏好-基础设施 基础设施 人群覆盖度 北京市大盘 TGI 交通设施 飞机场 12.32% 158 交通设施 火车站 14.09% 127 19.48% 17.99% 20221023-20231022期间到访“城市绿心公园”的流动人口中，基础设施“交通设施飞机场” 的人群覆盖度最高，为19.48%（北京市基础设施“交通设施飞机场”人群覆盖度12.32%）。
20_raw_data/pdf/城市绿心公园区域大数据分析报告-20221023-20231022(1).pdf,page,76,1,22,17,10,0,Dream Deck A10人群画像分析-APP偏好-健康 健康 人群覆盖度 北京市大盘 TGI 医疗用药 16.81% 122 运动健身 12.38% 108 经期孕期 3.19% 129 健康养生 2.42% 114 20.59% 13.48% 4.14% 2.77% 20221023-20231022期间到访“城市绿心公园”的流动人口中，健康“医疗用药”的人群覆盖 度最高，为20.59%（北京市健康“医疗用药”人群覆盖度16.81
20_raw_data/pdf/城市绿心公园区域大数据分析报告-20221023-20231022(1).pdf,page,77,1,22,35,22,0,Dream Deck A10人群画像分析-APP偏好-APP偏好大类 APP偏好大类 人群覆盖度 北京市大盘 TGI 社交 95.18% 100 购物 93.09% 101 视频 88.71% 102 系统 89.41% 101 工具 88.72% 101 出行 84.29% 106 音乐 82.66% 102 理财 78.03% 105 生活 75.96% 108 阅读 78.94% 101 95.40% 94.29% 90.80% 
20_raw_data/pdf/城市绿心公园区域大数据分析报告-20221023-20231022(1).pdf,page,78,1,22,20,12,0,Dream Deck A10人群画像分析-APP偏好-旅游 旅游 人群覆盖度 北京市大盘 TGI 户外游 46.85% 106 旅游服务 36.23% 117 旅游攻略 2.01% 127 周边游 0.94% 191 旅行住宿 1.32% 129 50.01% 42.65% 2.56% 1.81% 1.71% 20221023-20231022期间到访“城市绿心公园”的流动人口中，旅游“户外游”的人群覆盖度 最高，为50.01%（北京市
20_raw_data/pdf/城市绿心公园区域大数据分析报告-20221023-20231022(1).pdf,page,79,1,22,20,12,0,Dream Deck A10人群画像分析-APP偏好-视频 视频 人群覆盖度 北京市大盘 TGI 在线视频 86.47% 102 视频制作 24.23% 96 远程监控 17.72% 121 直播 8.46% 96 视频播放器 2.36% 109 88.89% 23.42% 21.50% 8.14% 2.58% 20221023-20231022期间到访“城市绿心公园”的流动人口中，视频“在线视频”的人群覆盖 度最高，为88.89%（北
20_raw_data/pdf/城市绿心公园区域大数据分析报告-20221023-20231022(1).pdf,page,80,1,22,35,22,0,Dream Deck A10人群画像分析-APP偏好-游戏 游戏 人群覆盖度 北京市大盘 TGI 休闲益智 31.64% 94 好游快爆标签 22.29% 109 ACT-动作 14.51% 130 动作冒险 11.94% 91 特色标签 9.88% 109 飞行/射击 7.06% 88 其他 7.30% 75 棋牌 3.53% 105 棋牌中心 3.49% 105 休闲 3.01% 81 29.81% 24.46% 18.90% 10
20_raw_data/pdf/城市绿心公园区域大数据分析报告-20221023-20231022(1).pdf,page,81,1,22,23,14,0,Dream Deck A10人群画像分析-APP偏好-摄影 摄影 人群覆盖度 北京市大盘 TGI 相机 49.61% 106 图片分享 16.89% 118 编辑美化 10.96% 104 相册/图库 3.61% 98 人像美化 0.99% 131 视频 0.32% 122 52.79% 20.04% 11.47% 3.57% 1.30% 0.40% 20221023-20231022期间到访“城市绿心公园”的流动人口中，摄影“相机”的
20_raw_data/pdf/城市绿心公园区域大数据分析报告-20221023-20231022(1).pdf,page,82,1,22,35,22,0,Dream Deck A10人群画像分析-APP偏好-系统 系统 人群覆盖度 北京市大盘 TGI 文件管理 74.78% 104 应用管理 73.31% 102 备份还原 47.75% 112 内存优化 44.43% 107 省电 40.01% 106 安全 26.27% 99 手机设置 8.87% 84 root 6.45% 85 垃圾清理 1.33% 87 智能连接 0.92% 125 78.24% 75.48% 53.65% 47
20_raw_data/pdf/城市绿心公园区域大数据分析报告-20221023-20231022(1).pdf,page,83,1,22,26,16,0,Dream Deck A10人群画像分析-APP偏好-教育 教育 人群覆盖度 北京市大盘 TGI 语言学习 34.21% 104 在线学堂 26.41% 110 家长学堂 11.84% 132 儿童教育 9.42% 133 考试 6.15% 96 行业知识 1.28% 80 出国留学 0.54% 83 35.59% 29.08% 15.71% 12.55% 5.93% 1.03% 0.45% 20221023-20231022期间到访“
20_raw_data/pdf/城市绿心公园区域大数据分析报告-20221023-20231022(1).pdf,page,84,1,22,35,22,0,Dream Deck A10人群画像分析-APP偏好-生活 生活 人群覆盖度 北京市大盘 TGI 汽车服务 45.08% 131 配送 45.99% 109 生活服务 36.84% 118 食材 14.02% 132 买车 11.61% 154 家装 13.24% 117 美食 11.03% 128 招聘/求职 11.63% 121 租房 5.71% 110 票务 3.65% 129 59.36% 50.47% 43.58% 18.58
20_raw_data/pdf/城市绿心公园区域大数据分析报告-20221023-20231022(1).pdf,page,85,1,22,35,22,0,Dream Deck A10人群画像分析-APP偏好-购物 购物 人群覆盖度 北京市大盘 TGI 商城 81.97% 104 导购 79.93% 101 购物支付 75.30% 105 团购 55.17% 111 综合商场 33.32% 136 商业步行街 17.60% 136 家具家居建材 7.44% 229 在线交易 4.95% 117 图书音像 1.67% 218 数码家电 1.05% 311 85.33% 81.52% 79.5
20_raw_data/pdf/城市绿心公园区域大数据分析报告-20221023-20231022(1).pdf,page,86,1,22,35,22,0,Dream Deck A10人群画像分析-APP偏好-出行 出行 人群覆盖度 北京市大盘 TGI 地图 81.86% 106 打车拼车 26.57% 135 火车/高铁 22.47% 113 出行服务 16.10% 152 公交/地铁 13.52% 100 航班 8.58% 133 租车用车 6.11% 151 导航 0.57% 222 酒店信息 0.92% 132 大巴 0.18% 109 87.56% 35.91% 25.51% 2
20_raw_data/pdf/城市绿心公园区域大数据分析报告-20221023-20231022(1).pdf,page,87,1,22,23,14,0,Dream Deck A10人群画像分析-APP偏好-社交 社交 人群覆盖度 北京市大盘 TGI 聊天/交友 94.80% 100 个性空间 33.84% 114 社区 33.82% 104 聊天工具 5.33% 83 婚恋 2.28% 114 直播 0.08% 89 95.04% 38.88% 35.39% 4.46% 2.60% 0.07% 20221023-20231022期间到访“城市绿心公园”的流动人口中，社交“聊天/交友”的
20_raw_data/pdf/城市绿心公园区域大数据分析报告-20221023-20231022(1).pdf,page,88,1,22,26,16,0,Dream Deck A10人群画像分析-APP偏好-理财 理财 人群覆盖度 北京市大盘 TGI 手机银行 61.55% 112 投资 36.26% 114 钱包 35.81% 112 借贷 12.61% 129 记账 12.00% 112 账户查询 4.35% 142 投注 0.34% 94 69.03% 41.59% 40.18% 16.38% 13.53% 6.20% 0.32% 20221023-20231022期间到访“城市绿
20_raw_data/pdf/城市绿心公园区域大数据分析报告-20221023-20231022(1).pdf,page,89,1,22,23,14,0,Dream Deck A10人群画像分析-APP偏好-音乐 音乐 人群覆盖度 北京市大盘 TGI 在线音乐 74.88% 103 FM/电台 37.19% 115 K歌 17.27% 98 音乐播放器 9.83% 98 乐器 1.99% 114 铃声 0.28% 100 77.57% 42.78% 17.07% 9.72% 2.27% 0.28% 20221023-20231022期间到访“城市绿心公园”的流动人口中，音乐“在线音乐”的
20_raw_data/pdf/城市绿心公园区域大数据分析报告-20221023-20231022(1).pdf,page,90,1,22,20,12,0,Dream Deck A10人群画像分析-APP偏好-阅读 阅读 人群覆盖度 北京市大盘 TGI 新闻 71.55% 102 内容媒体 27.68% 103 电子书 26.03% 102 资讯 4.37% 102 门户 3.15% 128 73.21% 28.60% 26.68% 4.46% 4.04% 20221023-20231022期间到访“城市绿心公园”的流动人口中，阅读“新闻”的人群覆盖度最 高，为73.21%（北京市阅读“新
20_raw_data/pdf/城市绿心公园区域大数据分析报告-20221023-20231022(1).pdf,page,91,1,24,44,22,0,Dream Deck A10人群画像分析-设备偏好-手机品牌细分 0 5 10 15 20 25 30 35 40 华为 VIVO OPPO 苹果 小米 其他 荣耀 红米 三星 魅族 手机品牌细分 占比 北京市大盘 TGI 华为 35.35% 26.34% 134 VIVO 13.49% 10.62% 126 OPPO 12.90% 10.52% 122 苹果 10.12% 24.58% 41 小米 7.52% 7.42% 101 其他
20_raw_data/pdf/城市绿心公园区域大数据分析报告-20221023-20231022(1).pdf,page,92,1,24,58,22,0,Dream Deck A10人群画像分析-设备偏好-手机价格（分段）v2 手机价格（分段）v2 占比 北京市大盘 TGI 1001-2000 21.10% 101 2001-3000 18.22% 105 3001-4000 12.80% 116 6001-7000 12.15% 89 4001-5000 7.97% 124 5001-6000 8.80% 102 7001-8000 5.04% 97 >10000 4.23% 98 8
20_raw_data/pdf/奥林匹克森林公园区域大数据分析报告-20241230-202512291772157987.pdf,page,14,1,22,40,19,0,F20职住地覆盖距离分析 0-500米 501-1000米 1001-2000米 2001-3000米 3001-5000米 5001-10000米 10001-20000米 20000米以上 0% 5% 10% 15% 20% 25% 30% 35% 40% 45% 0.01% 0.01% 0.99% 3.23% 6.64% 22.27% 27.01% 39.83% 20241230-20251229期间到访“奥林匹克森林公园”1-3
20_raw_data/pdf/奥林匹克森林公园区域大数据分析报告-20241230-202512291772157987.pdf,page,15,1,22,40,19,0,F20职住地覆盖距离分析 0-500米 501-1000米 1001-2000米 2001-3000米 3001-5000米 5001-10000米 10001-20000米 20000米以上 0% 5% 10% 15% 20% 25% 30% 35% 40% 45% 0.00% 0.00% 0.57% 2.53% 6.09% 21.94% 27.10% 41.78% 20241230-20251229期间到访“奥林匹克森林公园”1-3
20_raw_data/pdf/奥林匹克森林公园区域大数据分析报告-20241230-202512291772157987.pdf,page,16,1,22,41,20,0,F20职住地覆盖距离分析 0-500米 501-1000米 1001-2000米 2001-3000米 3001-5000米 5001-10000米 10001-20000米 20000米以上 0% 5% 10% 15% 20% 25% 30% 35% 40% 45% 50% 0.00% 0.00% 0.92% 3.50% 8.07% 20.10% 22.06% 45.35% 20241230-20251229期间到访“奥林匹克森林公园
20_raw_data/pdf/奥林匹克森林公园区域大数据分析报告-20241230-202512291772157987.pdf,page,17,1,22,38,16,0,F20职住地覆盖距离分析 0-500米 501-1000米 1001-2000米 2001-3000米 3001-5000米 5001-10000米 10001-20000米 20000米以上 0% 5% 10% 15% 20% 25% 30% 0.04% 0.18% 6.87% 12.56% 12.43% 22.60% 24.81% 20.52% 20241230-20251229期间到访“奥林匹克森林公园”1-30次的工作人口中，居
20_raw_data/pdf/奥林匹克森林公园区域大数据分析报告-20241230-202512291772157987.pdf,page,18,1,22,41,20,0,F20职住地覆盖距离分析 0-500米 501-1000米 1001-2000米 2001-3000米 3001-5000米 5001-10000米 10001-20000米 20000米以上 0% 5% 10% 15% 20% 25% 30% 35% 40% 45% 50% 0.00% 0.00% 0.90% 3.49% 8.07% 20.10% 22.06% 45.38% 20241230-20251229期间到访“奥林匹克森林公园
20_raw_data/pdf/奥林匹克森林公园区域大数据分析报告-20241230-202512291772157987.pdf,page,20,1,7,8,0,0,F32跨地职住分析 排名 工作地城市 人数 1 河北省-廊坊市 120 2 天津市-天津市 29 20241230 -20251229期间到访“奥林匹克森林公园”的工作人口，居住地在外城市的人群中， 河北省-廊坊市的人数最高，为120
20_raw_data/pdf/奥林匹克森林公园区域大数据分析报告-20241230-202512291772157987.pdf,page,21,2,12,28,0,0,F32跨地职住分析 排名 工作地区县 人数 1 北京市-北京市-昌平区 1640 2 北京市-北京市-海淀区 1032 3 北京市-北京市-丰台区 367 4 北京市-北京市-顺义区 355 5 北京市-北京市-通州区 269 6 北京市-北京市-西城区 269 7 北京市-北京市-东城区 214 8 北京市-北京市-大兴区 152 9 北京市-北京市-石景山区 107 10 河北省-廊坊市-三河市 94 排名 工作地区县 人数 11 
20_raw_data/pdf/奥林匹克森林公园区域大数据分析报告-20241230-202512291772157987.pdf,page,22,1,22,36,21,0,F40到访频次分析 1次 2次 3次 4次 5次 6次 7次 8次 9次 10次 10次以上 0% 10% 20% 30% 40% 50% 60% 70% 80% 68.19% 13.82% 5.59% 2.99% 1.86% 1.27% 0.92% 0.69% 0.55% 0.45% 3.67% 20241230-20251229期间到访“奥林匹克森林公园”的流动人口中，到访1次的占比最高，为 68.19%。
20_raw_data/pdf/奥林匹克森林公园区域大数据分析报告-20241230-202512291772157987.pdf,page,23,2,24,53,22,1,F61人群职住地分析 排名 工作地名称 占比 1 小米移动互联网产业园 0.494% 2 北京大学 0.382% 3 北京科技大学 0.37% 4 元中心 0.361% 5 中国农业大学(东校区) 0.354% 6 北京航空航天大学 0.34% 7 北京林业大学 0.315% 8 华北电力大学 0.283% 9 中国地质大学(北京) 0.269% 10 百度科技园 0.269% 排名 居住地名称 占比 1 天通西苑3区 0.364% 2
20_raw_data/pdf/奥林匹克森林公园区域大数据分析报告-20241230-202512291772157987.pdf,page,24,2,24,48,22,0,F61人群职住地分析 排名 工作地名称 占比 1 奥林匹克森林公园-国家网球中心 31.673% 2 国家速滑馆(“冰丝带”) 14.194% 3 特立·奥森国际体育文化中心 10.222% 4 北京信托B座 9.419% 5 国家网球中心莲花球场 7.316% 6 北京百纳千成影视股份有限公司 3.344% 7 北京世奥森林公园开发经营有限公司 3.242% 8 天九共享网络科技集团有限公司 3.242% 9 天九共享控股集团有限公司
20_raw_data/pdf/奥林匹克森林公园区域大数据分析报告-20241230-202512291772157987.pdf,page,25,2,24,53,22,1,F61人群职住地分析 排名 工作地名称 占比 1 小米移动互联网产业园 0.496% 2 北京大学 0.383% 3 北京科技大学 0.371% 4 元中心 0.363% 5 中国农业大学(东校区) 0.355% 6 北京航空航天大学 0.341% 7 北京林业大学 0.316% 8 华北电力大学 0.284% 9 中国地质大学(北京) 0.27% 10 百度科技园 0.27% 排名 居住地名称 占比 1 天通西苑3区 0.363% 2
20_raw_data/pdf/奥林匹克森林公园区域大数据分析报告-20241230-202512291772157987.pdf,page,26,1,15,12,0,3,F120热门到访地点分析 排序 POI名称 指数 扩展信息 商圈 1 新净雅(国家网球中心店) 2688 人均消费231元 奥林匹克公园 2 咿道南门涮肉(奥森店) 2667 人均消费92元 奥林匹克公园 3 布鲁豪斯亲子欢乐家庭餐厅 2356 人均消费129元 奥林匹克公园 20241230-20251229期间到访“奥林匹克森林公园”的工作人口，在区域内范围内最热门到访 的美食类地点为“新净雅(国家网球中心店)”。
20_raw_data/pdf/奥林匹克森林公园区域大数据分析报告-20241230-202512291772157987.pdf,page,27,1,16,23,0,0,F120热门到访地点分析 排序 POI名称 指数 扩展信息 商圈 1 天九共享电商集团 3847 奥林匹克公园 2 天九共享网络科技集团有限公司 3754 奥林匹克公园 3 北京百纳千成影视股份有限公司 3748 奥林匹克公园 4 天九共享控股集团有限公司 3733 奥林匹克公园 5 北京世奥森林公园开发经营有限公司 3665 奥林匹克公园 6 国沄控股集团有限公司 3025 奥林匹克公园 7 北京宣力投资有限公司 3005 奥林匹克公
20_raw_data/pdf/奥林匹克森林公园区域大数据分析报告-20241230-202512291772157987.pdf,page,28,1,15,15,0,0,F120热门到访地点分析 排序 POI名称 指数 扩展信息 商圈 1 prince国网店 2709 奥林匹克公园 2 跑步俱乐部(奥林匹克森林公园店) 2586 奥林匹克公园 3 圣维岚运动装备(奥森店) 2423 奥林匹克公园 4 罗森(奥林匹克森林公园北园店) 2315 奥林匹克公园 5 思凯乐风尚俱乐部(北京奥林匹克公园店) 1643 奥林匹克公园 6 三夫户外(奥森南门店) 1000 奥林匹克公园 20241230-202512
20_raw_data/pdf/奥林匹克森林公园区域大数据分析报告-20241230-202512291772157987.pdf,page,29,1,9,5,0,0,F120热门到访地点分析 排序 POI名称 指数 扩展信息 商圈 0 样本量不足建议扩大分析范围 0 20241230-20251229期间到访“奥林匹克森林公园”的工作人口，在区域内范围内最热门到访 的生活服务类地点数据样本量不足建议扩大分析范围，暂无数据解读
20_raw_data/pdf/奥林匹克森林公园区域大数据分析报告-20241230-202512291772157987.pdf,page,30,1,13,11,0,0,F120热门到访地点分析 排序 POI名称 指数 扩展信息 商圈 1 漫咖啡(国家网球中心店) 2847 奥林匹克公园 2 爱伴·布鲁豪斯游乐场 2557 奥林匹克公园 3 动森咖啡 2247 奥林匹克公园 4 grid coffee(奥林匹克森林公园店) 1857 奥林匹克公园 20241230-20251229期间到访“奥林匹克森林公园”的工作人口，在区域内范围内最热门到访 的娱乐休闲类地点为“漫咖啡(国家网球中心店)”。
20_raw_data/pdf/奥林匹克森林公园区域大数据分析报告-20241230-202512291772157987.pdf,page,31,1,11,7,0,0,F120热门到访地点分析 排序 POI名称 指数 扩展信息 商圈 1 国家网球中心莲花球场 3830 奥林匹克公园 2 悦健达专项体能·康复·普拉提运动中心 1579 奥林匹克公园 20241230-20251229期间到访“奥林匹克森林公园”的工作人口，在区域内范围内最热门到访 的运动健身类地点为“国家网球中心莲花球场”。
20_raw_data/pdf/奥林匹克森林公园区域大数据分析报告-20241230-202512291772157987.pdf,page,32,1,9,5,0,0,F120热门到访地点分析 排序 POI名称 指数 扩展信息 商圈 0 样本量不足建议扩大分析范围 0 20241230-20251229期间到访“奥林匹克森林公园”的工作人口，在区域内范围内最热门到访 的汽车类地点数据样本量不足建议扩大分析范围，暂无数据解读
20_raw_data/pdf/奥林匹克森林公园区域大数据分析报告-20241230-202512291772157987.pdf,page,33,1,9,5,0,0,F120热门到访地点分析 排序 POI名称 指数 扩展信息 商圈 0 样本量不足建议扩大分析范围 0 20241230-20251229期间到访“奥林匹克森林公园”的工作人口，在区域内范围内最热门到访 的医疗保健类地点数据样本量不足建议扩大分析范围，暂无数据解读
20_raw_data/pdf/奥林匹克森林公园区域大数据分析报告-20241230-202512291772157987.pdf,page,34,1,9,5,0,0,F120热门到访地点分析 排序 POI名称 指数 扩展信息 商圈 0 样本量不足建议扩大分析范围 0 20241230-20251229期间到访“奥林匹克森林公园”的工作人口，在区域内范围内最热门到访 的酒店宾馆类地点数据样本量不足建议扩大分析范围，暂无数据解读
20_raw_data/pdf/奥林匹克森林公园区域大数据分析报告-20241230-202512291772157987.pdf,page,35,1,16,23,0,0,F120热门到访地点分析 排序 POI名称 指数 扩展信息 商圈 1 北京奥林匹克公园 5256 景区级别aaaaa 奥林匹克公园 2 奥林匹克森林公园 5219 景区级别aaaaa 奥林匹克公园 3 奥林匹克森林公园南园 5079 景区级别aaaaa 奥林匹克公园 4 仰山公园 5053 景区级别无 奥林匹克公园 5 奥林匹克森林公园北园 4684 景区级别无 奥林匹克公园 6 北京奥林匹克公园-龙王庙(科荟路) 2622 景区级别 
20_raw_data/pdf/奥林匹克森林公园区域大数据分析报告-20241230-202512291772157987.pdf,page,36,1,9,5,0,0,F120热门到访地点分析 排序 POI名称 指数 扩展信息 商圈 0 样本量不足建议扩大分析范围 0 20241230-20251229期间到访“奥林匹克森林公园”的工作人口，在区域内范围内最热门到访 的文化场馆类地点数据样本量不足建议扩大分析范围，暂无数据解读
20_raw_data/pdf/奥林匹克森林公园区域大数据分析报告-20241230-202512291772157987.pdf,page,37,1,13,11,0,0,F120热门到访地点分析 排序 POI名称 指数 扩展信息 商圈 1 清华大学附属中学(奥森校区) 3393 奥林匹克公园 2 冰丝带国际运动表现中心 2884 奥林匹克公园 3 flytennis ai网球学练工作室 2511 奥林匹克公园 4 训练狮中考体育·体测·体能培训(奥森公园店) 2017 奥林匹克公园 20241230-20251229期间到访“奥林匹克森林公园”的工作人口，在区域内范围内最热门到访 的教育学校类地点为“清
20_raw_data/pdf/奥林匹克森林公园区域大数据分析报告-20241230-202512291772157987.pdf,page,38,1,9,5,0,0,F120热门到访地点分析 排序 POI名称 指数 扩展信息 商圈 0 样本量不足建议扩大分析范围 0 20241230-20251229期间到访“奥林匹克森林公园”的工作人口，在区域内范围内最热门到访 的银行金融类地点数据样本量不足建议扩大分析范围，暂无数据解读
20_raw_data/pdf/奥林匹克森林公园区域大数据分析报告-20241230-202512291772157987.pdf,page,39,1,10,5,0,0,F120热门到访地点分析 排序 POI名称 指数 扩展信息 商圈 1 森林公园南码头 2650 奥林匹克公园 20241230-20251229期间到访“奥林匹克森林公园”的工作人口，在区域内范围内最热门到访 的基础设施类地点为“森林公园南码头”。
20_raw_data/pdf/奥林匹克森林公园区域大数据分析报告-20241230-202512291772157987.pdf,page,40,1,12,9,0,0,F120热门到访地点分析 排序 POI名称 指数 扩展信息 商圈 1 北京信托b座 4138 奥林匹克公园 2 特立·奥森国际体育文化中心 4051 奥林匹克公园 3 绿洲综合楼 2539 奥林匹克公园 20241230-20251229期间到访“奥林匹克森林公园”的工作人口，在区域内范围内最热门到访 的房产小区类地点为“北京信托b座”。
20_raw_data/pdf/奥林匹克森林公园区域大数据分析报告-20241230-202512291772157987.pdf,page,41,1,15,12,0,3,F120热门到访地点分析 排序 POI名称 指数 扩展信息 商圈 1 咿道南门涮肉(奥森店) 2915 人均消费92元 奥林匹克公园 2 新净雅(国家网球中心店) 2733 人均消费231元 奥林匹克公园 3 布鲁豪斯亲子欢乐家庭餐厅 1944 人均消费129元 奥林匹克公园 20241230-20251229期间到访“奥林匹克森林公园”的流动人口，在区域内范围内最热门到访 的美食类地点为“咿道南门涮肉(奥森店)”。
20_raw_data/pdf/奥林匹克森林公园区域大数据分析报告-20241230-202512291772157987.pdf,page,42,1,16,23,0,0,F120热门到访地点分析 排序 POI名称 指数 扩展信息 商圈 1 天九共享控股集团有限公司 3795 奥林匹克公园 2 北京世奥森林公园开发经营有限公司 3025 奥林匹克公园 3 北京百纳千成影视股份有限公司 2936 奥林匹克公园 4 天九共享电商集团 2918 奥林匹克公园 5 天九共享网络科技集团有限公司 2842 奥林匹克公园 6 八大处科技集团有限公司 2198 奥林匹克公园 7 自然圈共创空间 2053 奥林匹克公园 
20_raw_data/pdf/奥林匹克森林公园区域大数据分析报告-20241230-202512291772157987.pdf,page,43,1,15,15,0,0,F120热门到访地点分析 排序 POI名称 指数 扩展信息 商圈 1 跑步俱乐部(奥林匹克森林公园店) 3377 奥林匹克公园 2 罗森(奥林匹克森林公园北园店) 3162 奥林匹克公园 3 圣维岚运动装备(奥森店) 1886 奥林匹克公园 4 prince国网店 1643 奥林匹克公园 5 思凯乐风尚俱乐部(北京奥林匹克公园店) 1579 奥林匹克公园 6 大成仓网羽专业服务店(国网南区店)·球拍穿线 1322 奥林匹克公园 2024
20_raw_data/pdf/奥林匹克森林公园区域大数据分析报告-20241230-202512291772157987.pdf,page,44,1,9,5,0,0,F120热门到访地点分析 排序 POI名称 指数 扩展信息 商圈 0 样本量不足建议扩大分析范围 0 20241230-20251229期间到访“奥林匹克森林公园”的流动人口，在区域内范围内最热门到访 的生活服务类地点数据样本量不足建议扩大分析范围，暂无数据解读
20_raw_data/pdf/奥林匹克森林公园区域大数据分析报告-20241230-202512291772157987.pdf,page,45,1,13,11,0,0,F120热门到访地点分析 排序 POI名称 指数 扩展信息 商圈 1 漫咖啡(国家网球中心店) 2861 奥林匹克公园 2 动森咖啡 2350 奥林匹克公园 3 爱伴·布鲁豪斯游乐场 2201 奥林匹克公园 4 grid coffee(奥林匹克森林公园店) 2100 奥林匹克公园 20241230-20251229期间到访“奥林匹克森林公园”的流动人口，在区域内范围内最热门到访 的娱乐休闲类地点为“漫咖啡(国家网球中心店)”。
20_raw_data/pdf/奥林匹克森林公园区域大数据分析报告-20241230-202512291772157987.pdf,page,46,1,11,7,0,0,F120热门到访地点分析 排序 POI名称 指数 扩展信息 商圈 1 国家网球中心莲花球场 4313 奥林匹克公园 2 悦健达专项体能·康复·普拉提运动中心 1544 奥林匹克公园 20241230-20251229期间到访“奥林匹克森林公园”的流动人口，在区域内范围内最热门到访 的运动健身类地点为“国家网球中心莲花球场”。
20_raw_data/pdf/奥林匹克森林公园区域大数据分析报告-20241230-202512291772157987.pdf,page,47,1,9,5,0,0,F120热门到访地点分析 排序 POI名称 指数 扩展信息 商圈 0 样本量不足建议扩大分析范围 0 20241230-20251229期间到访“奥林匹克森林公园”的流动人口，在区域内范围内最热门到访 的汽车类地点数据样本量不足建议扩大分析范围，暂无数据解读
20_raw_data/pdf/奥林匹克森林公园区域大数据分析报告-20241230-202512291772157987.pdf,page,48,1,9,5,0,0,F120热门到访地点分析 排序 POI名称 指数 扩展信息 商圈 0 样本量不足建议扩大分析范围 0 20241230-20251229期间到访“奥林匹克森林公园”的流动人口，在区域内范围内最热门到访 的医疗保健类地点数据样本量不足建议扩大分析范围，暂无数据解读
20_raw_data/pdf/奥林匹克森林公园区域大数据分析报告-20241230-202512291772157987.pdf,page,49,1,9,5,0,0,F120热门到访地点分析 排序 POI名称 指数 扩展信息 商圈 0 样本量不足建议扩大分析范围 0 20241230-20251229期间到访“奥林匹克森林公园”的流动人口，在区域内范围内最热门到访 的酒店宾馆类地点数据样本量不足建议扩大分析范围，暂无数据解读
20_raw_data/pdf/奥林匹克森林公园区域大数据分析报告-20241230-202512291772157987.pdf,page,50,1,16,23,0,0,F120热门到访地点分析 排序 POI名称 指数 扩展信息 商圈 1 北京奥林匹克公园 6744 景区级别aaaaa 奥林匹克公园 2 奥林匹克森林公园 6392 景区级别aaaaa 奥林匹克公园 3 奥林匹克森林公园南园 6123 景区级别aaaaa 奥林匹克公园 4 奥林匹克森林公园北园 5614 景区级别无 奥林匹克公园 5 仰山公园 5231 景区级别无 奥林匹克公园 6 奥林匹克宣言广场 3326 景区级别 奥林匹克公园 7 
20_raw_data/pdf/奥林匹克森林公园区域大数据分析报告-20241230-202512291772157987.pdf,page,51,1,9,5,0,0,F120热门到访地点分析 排序 POI名称 指数 扩展信息 商圈 0 样本量不足建议扩大分析范围 0 20241230-20251229期间到访“奥林匹克森林公园”的流动人口，在区域内范围内最热门到访 的文化场馆类地点数据样本量不足建议扩大分析范围，暂无数据解读
20_raw_data/pdf/奥林匹克森林公园区域大数据分析报告-20241230-202512291772157987.pdf,page,52,1,13,11,0,0,F120热门到访地点分析 排序 POI名称 指数 扩展信息 商圈 1 清华大学附属中学(奥森校区) 3940 奥林匹克公园 2 冰丝带国际运动表现中心 2376 奥林匹克公园 3 训练狮中考体育·体测·体能培训(奥森公园店) 1838 奥林匹克公园 4 flytennis ai网球学练工作室 1799 奥林匹克公园 20241230-20251229期间到访“奥林匹克森林公园”的流动人口，在区域内范围内最热门到访 的教育学校类地点为“清
20_raw_data/pdf/奥林匹克森林公园区域大数据分析报告-20241230-202512291772157987.pdf,page,53,1,9,5,0,0,F120热门到访地点分析 排序 POI名称 指数 扩展信息 商圈 0 样本量不足建议扩大分析范围 0 20241230-20251229期间到访“奥林匹克森林公园”的流动人口，在区域内范围内最热门到访 的银行金融类地点数据样本量不足建议扩大分析范围，暂无数据解读
20_raw_data/pdf/奥林匹克森林公园区域大数据分析报告-20241230-202512291772157987.pdf,page,54,1,10,5,0,0,F120热门到访地点分析 排序 POI名称 指数 扩展信息 商圈 1 森林公园南码头 3560 奥林匹克公园 20241230-20251229期间到访“奥林匹克森林公园”的流动人口，在区域内范围内最热门到访 的基础设施类地点为“森林公园南码头”。
20_raw_data/pdf/奥林匹克森林公园区域大数据分析报告-20241230-202512291772157987.pdf,page,55,1,12,9,0,0,F120热门到访地点分析 排序 POI名称 指数 扩展信息 商圈 1 特立·奥森国际体育文化中心 3932 奥林匹克公园 2 北京信托b座 3014 奥林匹克公园 3 绿洲综合楼 2374 奥林匹克公园 20241230-20251229期间到访“奥林匹克森林公园”的流动人口，在区域内范围内最热门到访 的房产小区类地点为“特立·奥森国际体育文化中心”。
20_raw_data/pdf/奥林匹克森林公园区域大数据分析报告-20241230-202512291772157987.pdf,page,56,1,7,5,0,0,F130热门到访品牌分析 排序 品牌名称 指数 0 样本量不足建议扩大分析范围 0 20241230-20251229期间到访“奥林匹克森林公园”的工作人口，在区域内范围内最热门到访 的美食类品牌数据样本量不足建议扩大分析范围，暂无数据解读
20_raw_data/pdf/奥林匹克森林公园区域大数据分析报告-20241230-202512291772157987.pdf,page,57,1,8,5,0,0,F130热门到访品牌分析 排序 品牌名称 指数 1 罗森 2315 20241230-20251229期间到访“奥林匹克森林公园”的工作人口，在区域内范围内最热门到访 的购物类品牌为“罗森”。
20_raw_data/pdf/奥林匹克森林公园区域大数据分析报告-20241230-202512291772157987.pdf,page,58,1,7,5,0,0,F130热门到访品牌分析 排序 品牌名称 指数 0 样本量不足建议扩大分析范围 0 20241230-20251229期间到访“奥林匹克森林公园”的工作人口，在区域内范围内最热门到访 的生活服务类品牌数据样本量不足建议扩大分析范围，暂无数据解读
20_raw_data/pdf/奥林匹克森林公园区域大数据分析报告-20241230-202512291772157987.pdf,page,59,1,8,5,0,0,F130热门到访品牌分析 排序 品牌名称 指数 1 漫咖啡 2847 20241230-20251229期间到访“奥林匹克森林公园”的工作人口，在区域内范围内最热门到访 的娱乐休闲类品牌为“漫咖啡”。
20_raw_data/pdf/奥林匹克森林公园区域大数据分析报告-20241230-202512291772157987.pdf,page,60,1,7,5,0,0,F130热门到访品牌分析 排序 品牌名称 指数 0 样本量不足建议扩大分析范围 0 20241230-20251229期间到访“奥林匹克森林公园”的工作人口，在区域内范围内最热门到访 的运动健身类品牌数据样本量不足建议扩大分析范围，暂无数据解读
20_raw_data/pdf/奥林匹克森林公园区域大数据分析报告-20241230-202512291772157987.pdf,page,61,1,7,5,0,0,F130热门到访品牌分析 排序 品牌名称 指数 0 样本量不足建议扩大分析范围 0 20241230-20251229期间到访“奥林匹克森林公园”的工作人口，在区域内范围内最热门到访 的汽车类品牌数据样本量不足建议扩大分析范围，暂无数据解读
20_raw_data/pdf/奥林匹克森林公园区域大数据分析报告-20241230-202512291772157987.pdf,page,62,1,7,5,0,0,F130热门到访品牌分析 排序 品牌名称 指数 0 样本量不足建议扩大分析范围 0 20241230-20251229期间到访“奥林匹克森林公园”的工作人口，在区域内范围内最热门到访 的医疗保健类品牌数据样本量不足建议扩大分析范围，暂无数据解读
20_raw_data/pdf/奥林匹克森林公园区域大数据分析报告-20241230-202512291772157987.pdf,page,63,1,7,5,0,0,F130热门到访品牌分析 排序 品牌名称 指数 0 样本量不足建议扩大分析范围 0 20241230-20251229期间到访“奥林匹克森林公园”的工作人口，在区域内范围内最热门到访 的酒店宾馆类品牌数据样本量不足建议扩大分析范围，暂无数据解读
20_raw_data/pdf/奥林匹克森林公园区域大数据分析报告-20241230-202512291772157987.pdf,page,64,1,7,5,0,0,F130热门到访品牌分析 排序 品牌名称 指数 0 样本量不足建议扩大分析范围 0 20241230-20251229期间到访“奥林匹克森林公园”的工作人口，在区域内范围内最热门到访 的教育学校类品牌数据样本量不足建议扩大分析范围，暂无数据解读
20_raw_data/pdf/奥林匹克森林公园区域大数据分析报告-20241230-202512291772157987.pdf,page,65,1,7,5,0,0,F130热门到访品牌分析 排序 品牌名称 指数 0 样本量不足建议扩大分析范围 0 20241230-20251229期间到访“奥林匹克森林公园”的工作人口，在区域内范围内最热门到访 的银行金融类品牌数据样本量不足建议扩大分析范围，暂无数据解读
20_raw_data/pdf/奥林匹克森林公园区域大数据分析报告-20241230-202512291772157987.pdf,page,66,1,7,5,0,0,F130热门到访品牌分析 排序 品牌名称 指数 0 样本量不足建议扩大分析范围 0 20241230-20251229期间到访“奥林匹克森林公园”的流动人口，在区域内范围内最热门到访 的美食类品牌数据样本量不足建议扩大分析范围，暂无数据解读
20_raw_data/pdf/奥林匹克森林公园区域大数据分析报告-20241230-202512291772157987.pdf,page,67,1,7,5,0,0,F130热门到访品牌分析 排序 品牌名称 指数 0 样本量不足建议扩大分析范围 0 20241230-20251229期间到访“奥林匹克森林公园”的流动人口，在区域内范围内最热门到访 的购物类品牌数据样本量不足建议扩大分析范围，暂无数据解读
20_raw_data/pdf/奥林匹克森林公园区域大数据分析报告-20241230-202512291772157987.pdf,page,68,1,7,5,0,0,F130热门到访品牌分析 排序 品牌名称 指数 0 样本量不足建议扩大分析范围 0 20241230-20251229期间到访“奥林匹克森林公园”的流动人口，在区域内范围内最热门到访 的生活服务类品牌数据样本量不足建议扩大分析范围，暂无数据解读
20_raw_data/pdf/奥林匹克森林公园区域大数据分析报告-20241230-202512291772157987.pdf,page,69,1,8,5,0,0,F130热门到访品牌分析 排序 品牌名称 指数 1 漫咖啡 2861 20241230-20251229期间到访“奥林匹克森林公园”的流动人口，在区域内范围内最热门到访 的娱乐休闲类品牌为“漫咖啡”。
20_raw_data/pdf/奥林匹克森林公园区域大数据分析报告-20241230-202512291772157987.pdf,page,70,1,7,5,0,0,F130热门到访品牌分析 排序 品牌名称 指数 0 样本量不足建议扩大分析范围 0 20241230-20251229期间到访“奥林匹克森林公园”的流动人口，在区域内范围内最热门到访 的运动健身类品牌数据样本量不足建议扩大分析范围，暂无数据解读
20_raw_data/pdf/奥林匹克森林公园区域大数据分析报告-20241230-202512291772157987.pdf,page,71,1,7,5,0,0,F130热门到访品牌分析 排序 品牌名称 指数 0 样本量不足建议扩大分析范围 0 20241230-20251229期间到访“奥林匹克森林公园”的流动人口，在区域内范围内最热门到访 的汽车类品牌数据样本量不足建议扩大分析范围，暂无数据解读
20_raw_data/pdf/奥林匹克森林公园区域大数据分析报告-20241230-202512291772157987.pdf,page,72,1,7,5,0,0,F130热门到访品牌分析 排序 品牌名称 指数 0 样本量不足建议扩大分析范围 0 20241230-20251229期间到访“奥林匹克森林公园”的流动人口，在区域内范围内最热门到访 的医疗保健类品牌数据样本量不足建议扩大分析范围，暂无数据解读
20_raw_data/pdf/奥林匹克森林公园区域大数据分析报告-20241230-202512291772157987.pdf,page,73,1,7,5,0,0,F130热门到访品牌分析 排序 品牌名称 指数 0 样本量不足建议扩大分析范围 0 20241230-20251229期间到访“奥林匹克森林公园”的流动人口，在区域内范围内最热门到访 的酒店宾馆类品牌数据样本量不足建议扩大分析范围，暂无数据解读
20_raw_data/pdf/奥林匹克森林公园区域大数据分析报告-20241230-202512291772157987.pdf,page,74,1,7,5,0,0,F130热门到访品牌分析 排序 品牌名称 指数 0 样本量不足建议扩大分析范围 0 20241230-20251229期间到访“奥林匹克森林公园”的流动人口，在区域内范围内最热门到访 的教育学校类品牌数据样本量不足建议扩大分析范围，暂无数据解读
20_raw_data/pdf/奥林匹克森林公园区域大数据分析报告-20241230-202512291772157987.pdf,page,75,1,7,5,0,0,F130热门到访品牌分析 排序 品牌名称 指数 0 样本量不足建议扩大分析范围 0 20241230-20251229期间到访“奥林匹克森林公园”的流动人口，在区域内范围内最热门到访 的银行金融类品牌数据样本量不足建议扩大分析范围，暂无数据解读
20_raw_data/pdf/奥林匹克森林公园区域大数据分析报告-20241230-202512291772157987.pdf,page,76,1,22,14,11,0,A10人群画像分析-基础属性-常驻城市V2 常驻城市V2 占比 北京市-北京市 河北省-廊坊市 天津市-天津市 上海市-上海市 河北省-保定市 河北省-张家口市 广东省-深圳市 广东省-广州市 四川省-成都市 河北省-石家庄市 73.91% 1.94% 1.56% 0.90% 0.86% 0.67% 0.65% 0.55% 0.51% 0.49% 20241230-20251229期间到访“奥林匹克森林公园”的全部人口中，常驻城市V2“
20_raw_data/pdf/奥林匹克森林公园区域大数据分析报告-20241230-202512291772157987.pdf,page,77,1,22,14,11,0,A10人群画像分析-基础属性-常驻区县V2 常驻区县V2 占比 北京市-北京市-朝阳区 北京市-北京市-海淀区 北京市-北京市-昌平区 北京市-北京市-丰台区 北京市-北京市-通州区 北京市-北京市-西城区 北京市-北京市-顺义区 北京市-北京市-大兴区 北京市-北京市-东城区 北京市-北京市-石景山区 23.31% 16.91% 10.64% 3.90% 3.49% 3.40% 3.03% 2.59% 2.37% 1.27% 2024
20_raw_data/pdf/奥林匹克森林公园区域大数据分析报告-20241230-202512291772157987.pdf,page,78,1,20,14,11,0,A10人群画像分析-基础属性-活跃商圈v2 活跃商圈v2 人群覆盖度 回龙观-北京市 奥林匹克公园-北京市 天通苑-北京市 西三旗-北京市 北苑路北-北京市 立水桥南-北京市 永泰庄-北京市 学清路-北京市 永丰-北京市 大屯-北京市 8.01% 7.99% 4.86% 3.44% 3.42% 3.15% 3.03% 2.83% 2.50% 2.39% 20241230-20251229期间到访“奥林匹克森林公园”的全部人口中，活跃商圈
20_raw_data/pdf/奥林匹克森林公园区域大数据分析报告-20241230-202512291772157987.pdf,page,79,1,22,14,11,0,A10人群画像分析-基础属性-常驻省份 常驻省份 占比 北京市 河北省 广东省 山东省 天津市 河南省 江苏省 浙江省 内蒙古自治区 山西省 73.91% 5.81% 2.12% 1.73% 1.56% 1.33% 1.14% 1.04% 1.01% 0.93% 20241230-20251229期间到访“奥林匹克森林公园”的全部人口中，常驻省份“北京市”的占 比最高，为73.91%。
20_raw_data/pdf/奥林匹克森林公园区域大数据分析报告-20241230-202512291772157987.pdf,page,80,1,22,14,11,0,A10人群画像分析-基础属性-家乡地V2 家乡地V2 占比 北京市-北京市 河北省-保定市 河北省-廊坊市 河北省-张家口市 河北省-邯郸市 天津市-天津市 河北省-承德市 河北省-石家庄市 河北省-唐山市 河北省-沧州市 45.69% 2.00% 1.89% 1.74% 1.57% 1.54% 0.96% 0.84% 0.81% 0.76% 20241230-20251229期间到访“奥林匹克森林公园”的全部人口中，家乡地V2“北京市
20_raw_data/pdf/奥林匹克森林公园区域大数据分析报告-20241230-202512291772157987.pdf,page,81,1,22,14,11,0,A10人群画像分析-基础属性-在读学校 在读学校 占比 中国农业大学 清华大学 北京航空航天大学 北京大学 北京林业大学 北京科技大学 北京邮电大学 北京师范大学 北京理工大学 中国地质大学 4.54% 4.51% 4.21% 4.01% 3.91% 3.07% 2.70% 2.33% 2.20% 2.15% 20241230-20251229期间到访“奥林匹克森林公园”的全部人口中，在读学校“中国农业大学 ”的占比最高，为4.54%。
20_raw_data/pdf/奥林匹克森林公园区域大数据分析报告-20241230-202512291772157987.pdf,page,82,1,24,37,22,0,A10人群画像分析-基础属性-职业细分 职业细分 占比 北京市大盘 TGI 软件工程师 11.92% 109 网络销售/运营/服务 11.46% 91 培训讲师 8.70% 111 投资/理财顾问 8.36% 102 文案/活动策划 7.73% 98 前台接待/总机 6.45% 103 售前/售后技术支持工程师 6.55% 100 生物工程/制药/医疗健康 5.40% 101 财务/会计/审计/税务/出纳 5.48% 96 技术工人/技
20_raw_data/pdf/奥林匹克森林公园区域大数据分析报告-20241230-202512291772157987.pdf,page,83,1,24,37,22,0,A10人群画像分析-基础属性-所在行业 所在行业 占比 北京市大盘 TGI IT互联网 8.70% 127 教育 8.02% 102 建筑地产 6.96% 117 金融 7.85% 102 公务员 6.92% 101 媒体/文化传媒/公关 7.14% 93 生活服务 6.75% 89 石油/化工/矿产/地质/能源 5.48% 101 法律 5.54% 98 医疗 4.87% 99 注：TGI目标群体指数 公式为：人群该项标签值用户所占比
20_raw_data/pdf/奥林匹克森林公园区域大数据分析报告-20241230-202512291772157987.pdf,page,84,1,24,39,16,0,A10人群画像分析-基础属性-学历 本科 初中 高中 硕士 小学 大专 博士 0 5 10 15 20 25 30 35 40 45 50 学历 占比 北京市大盘 TGI 本科 47.51% 45.09% 105 初中 14.31% 17.60% 81 高中 12.51% 13.55% 92 硕士 9.41% 5.78% 162 小学 8.04% 9.38% 85 大专 6.14% 7.33% 83 博士 2.07% 1.26% 164
20_raw_data/pdf/奥林匹克森林公园区域大数据分析报告-20241230-202512291772157987.pdf,page,85,1,24,63,16,0,A10人群画像分析-基础属性-职住距离 1公里内 1-3公里 5-10公里15-25公里10-15公里 3-5公里 25-40公里 0 5 10 15 20 25 30 职住距离 占比 北京市大盘 TGI 1公里内 24.82% 28.08% 88 1-3公里 17.57% 18.29% 96 5-10公里 17.50% 16.57% 105 15-25公里 12.09% 11.15% 108 10-15公里 11.89% 10.63%
20_raw_data/pdf/奥林匹克森林公园区域大数据分析报告-20241230-202512291772157987.pdf,page,86,1,24,31,12,0,A10人群画像分析-基础属性-人生阶段 上班族 大学生 自由职业 中学生 退休 0 10 20 30 40 50 60 70 80 人生阶段 占比 北京市大盘 TGI 上班族 67.16% 49.37% 136 大学生 14.20% 10.47% 135 自由职业 12.60% 30.70% 41 中学生 3.06% 3.81% 80 退休 2.97% 5.65% 52 注：TGI目标群体指数 公式为：人群该项标签值用户所占比例/全体网
20_raw_data/pdf/奥林匹克森林公园区域大数据分析报告-20241230-202512291772157987.pdf,page,87,1,22,16,8,0,A10人群画像分析-基础属性-婚育状态 婚育状态 占比 北京市大盘 TGI 已育 52.57% 112 未婚 45.09% 86 已婚未育 2.34% 82 注：TGI目标群体指数 公式为：人群该项标签值用户所占比例/全体网民该项标签值的比例*100。指数等于100说明与全体网民水平相当，值越大偏好度越高，值越低说明越低于整体网民水平 59.06% 39.01% 1.93% 20241230-20251229期间到访“奥林匹克森林公园”
20_raw_data/pdf/奥林匹克森林公园区域大数据分析报告-20241230-202512291772157987.pdf,page,88,1,20,13,6,0,A10人群画像分析-基础属性-性别 男 女 性别 占比 北京市大盘 TGI 男 59.94% 58.25% 102 女 40.06% 41.75% 95 注：TGI目标群体指数 公式为：人群该项标签值用户所占比例/全体网民该项标签值的比例*100。指 数等于100说明与全体网民水平相当，值越大偏好度越高，值越低说明越低于整体网民水平 20241230-20251229期间到访“奥林匹克森林公园”的全部人口中，性别“男”的占比最高， 为5
20_raw_data/pdf/奥林匹克森林公园区域大数据分析报告-20241230-202512291772157987.pdf,page,89,1,24,71,18,0,A10人群画像分析-基础属性-年龄 46-60 31-35 36-40 25-30 18-24 41-45 0-17 61以上 0 5 10 15 20 25 年龄 占比 北京市大盘 TGI 46-60 20.22% 23.54% 85 31-35 17.51% 15.56% 112 36-40 17.10% 14.07% 121 25-30 15.99% 15.87% 100 18-24 14.52% 16.34% 88 41-45 
20_raw_data/pdf/奥林匹克森林公园区域大数据分析报告-20241230-202512291772157987.pdf,page,90,1,20,13,6,0,A10人群画像分析-基础属性-性别 男 女 性别 占比 北京市大盘 TGI 男 62.48% 58.25% 107 女 37.52% 41.75% 89 注：TGI目标群体指数 公式为：人群该项标签值用户所占比例/全体网民该项标签值的比例*100。指 数等于100说明与全体网民水平相当，值越大偏好度越高，值越低说明越低于整体网民水平 20241230-20251229期间到访“奥林匹克森林公园”的工作人口中，性别“男”的占比最高， 为6
20_raw_data/pdf/奥林匹克森林公园区域大数据分析报告-20241230-202512291772157987.pdf,page,91,1,24,37,22,0,A10人群画像分析-基础属性-职业细分 职业细分 占比 北京市大盘 TGI 软件工程师 11.92% 116 投资/理财顾问 8.36% 160 网络销售/运营/服务 11.46% 101 文案/活动策划 7.73% 112 前台接待/总机 6.45% 114 培训讲师 8.70% 79 售前/售后技术支持工程师 6.55% 72 财务/会计/审计/税务/出纳 5.48% 86 网页设计/制作/美工/艺术 3.75% 126 生物工程/
20_raw_data/pdf/奥林匹克森林公园区域大数据分析报告-20241230-202512291772157987.pdf,page,92,1,22,27,8,0,A10人群画像分析-基础属性-人生阶段 上班族 大学生 退休 0 10 20 30 40 50 60 70 80 90 100 人生阶段 占比 北京市大盘 TGI 上班族 91.67% 49.37% 185 大学生 5.12% 10.47% 48 退休 3.21% 5.65% 56 注：TGI目标群体指数 公式为：人群该项标签值用户所占比例/全体网民该项标签值的比例*100。指 数等于100说明与全体网民水平相当，值越大偏好度越高，值越
20_raw_data/pdf/奥林匹克森林公园区域大数据分析报告-20241230-202512291772157987.pdf,page,93,1,24,64,16,0,A10人群画像分析-基础属性-职住距离 5-10公里15-25公里 1-3公里 10-15公里 3-5公里 1公里内 25-40公里 0 5 10 15 20 25 职住距离 占比 北京市大盘 TGI 5-10公里 22.14% 16.57% 133 15-25公里 17.52% 11.15% 157 1-3公里 15.32% 18.29% 83 10-15公里 13.56% 10.63% 127 3-5公里 12.54% 10.39%
20_raw_data/pdf/奥林匹克森林公园区域大数据分析报告-20241230-202512291772157987.pdf,page,94,1,22,16,8,0,A10人群画像分析-基础属性-婚育状态 婚育状态 占比 北京市大盘 TGI 已育 52.57% 104 未婚 45.09% 97 已婚未育 2.34% 52 注：TGI目标群体指数 公式为：人群该项标签值用户所占比例/全体网民该项标签值的比例*100。指数等于100说明与全体网民水平相当，值越大偏好度越高，值越低说明越低于整体网民水平 54.67% 44.10% 1.23% 20241230-20251229期间到访“奥林匹克森林公园”
20_raw_data/pdf/奥林匹克森林公园区域大数据分析报告-20241230-202512291772157987.pdf,page,95,1,24,35,16,0,A10人群画像分析-基础属性-学历 本科 初中 高中 硕士 大专 小学 博士 0 10 20 30 40 50 60 学历 占比 北京市大盘 TGI 本科 50.21% 45.09% 111 初中 14.89% 17.60% 84 高中 12.31% 13.55% 90 硕士 8.35% 5.78% 144 大专 7.06% 7.33% 96 小学 6.23% 9.38% 66 博士 0.95% 1.26% 75 注：TGI目标群体指数
20_raw_data/pdf/奥林匹克森林公园区域大数据分析报告-20241230-202512291772157987.pdf,page,96,1,24,37,22,0,A10人群画像分析-基础属性-所在行业 所在行业 占比 北京市大盘 TGI 法律 5.54% 190 IT互联网 8.70% 116 教育 8.02% 107 建筑地产 6.96% 110 金融 7.85% 97 媒体/文化传媒/公关 7.14% 101 贸易/批发/零售 5.27% 127 生活服务 6.75% 71 石油/化工/矿产/地质/能源 5.48% 87 交通物流 2.15% 223 注：TGI目标群体指数 公式为：人群该项
20_raw_data/pdf/奥林匹克森林公园区域大数据分析报告-20241230-202512291772157987.pdf,page,97,1,24,65,16,0,A10人群画像分析-基础属性-年龄 46-60 31-35 36-40 25-30 18-24 41-45 61以上 0 5 10 15 20 25 30 年龄 占比 北京市大盘 TGI 46-60 24.38% 23.54% 103 31-35 17.98% 15.56% 115 36-40 16.70% 14.07% 118 25-30 15.31% 15.87% 96 18-24 13.73% 16.34% 84 41-45 10
20_raw_data/pdf/奥林匹克森林公园区域大数据分析报告-20241230-202512291772157987.pdf,page,98,1,22,14,11,0,A10人群画像分析-基础属性-在读学校 在读学校 占比 北京体育大学 首都体育学院 北京化工大学 清华大学 中国农业大学 中国政法大学 中央财经大学 北京大学 北京林业大学 对外经济贸易大学 13.81% 7.95% 7.53% 5.86% 5.86% 5.02% 5.02% 4.18% 3.77% 3.35% 20241230-20251229期间到访“奥林匹克森林公园”的工作人口中，在读学校“北京体育大学 ”的占比最高，为13.81
20_raw_data/pdf/奥林匹克森林公园区域大数据分析报告-20241230-202512291772157987.pdf,page,99,1,22,14,11,0,A10人群画像分析-基础属性-常驻区县V2 常驻区县V2 占比 北京市-北京市-朝阳区 北京市-北京市-昌平区 北京市-北京市-海淀区 北京市-北京市-顺义区 北京市-北京市-丰台区 北京市-北京市-通州区 北京市-北京市-西城区 北京市-北京市-东城区 北京市-北京市-大兴区 北京市-北京市-石景山区 66.74% 9.25% 8.11% 2.27% 2.25% 1.81% 1.73% 1.29% 1.11% 0.65% 202412
20_raw_data/pdf/奥林匹克森林公园区域大数据分析报告-20241230-202512291772157987.pdf,page,100,1,22,14,11,0,A10人群画像分析-基础属性-家乡地V2 家乡地V2 占比 北京市-北京市 河北省-保定市 河北省-廊坊市 天津市-天津市 河北省-邯郸市 山西省-临汾市 河北省-石家庄市 河北省-唐山市 河北省-邢台市 山东省-菏泽市 58.88% 1.71% 1.40% 1.30% 1.20% 1.00% 0.80% 0.80% 0.80% 0.80% 20241230-20251229期间到访“奥林匹克森林公园”的工作人口中，家乡地V2“北京市-
20_raw_data/pdf/奥林匹克森林公园区域大数据分析报告-20241230-202512291772157987.pdf,page,101,1,22,14,11,0,A10人群画像分析-基础属性-常驻城市V2 常驻城市V2 占比 北京市-北京市 河北省-廊坊市 海南省-琼海市 天津市-天津市 广东省-广州市 辽宁省-其他 广东省-深圳市 山东省-其他 广东省-珠海市 河北省-保定市 96.09% 0.60% 0.35% 0.20% 0.19% 0.15% 0.15% 0.15% 0.13% 0.12% 20241230-20251229期间到访“奥林匹克森林公园”的工作人口中，常驻城市V2“北京市-
20_raw_data/pdf/奥林匹克森林公园区域大数据分析报告-20241230-202512291772157987.pdf,page,102,1,22,14,11,0,A10人群画像分析-基础属性-常驻省份 常驻省份 占比 北京市 河北省 广东省 海南省 天津市 河南省 辽宁省 山东省 山西省 四川省 96.09% 1.10% 0.57% 0.42% 0.20% 0.20% 0.16% 0.15% 0.12% 0.11% 20241230-20251229期间到访“奥林匹克森林公园”的工作人口中，常驻省份“北京市”的占 比最高，为96.09%。
20_raw_data/pdf/奥林匹克森林公园区域大数据分析报告-20241230-202512291772157987.pdf,page,103,1,20,14,11,0,A10人群画像分析-基础属性-活跃商圈v2 活跃商圈v2 人群覆盖度 奥林匹克公园-北京市 北苑路北-北京市 立水桥南-北京市 天通苑-北京市 北沙滩-北京市 大屯-北京市 回龙观-北京市 永泰庄-北京市 亚运村小营-北京市 立水桥-北京市 87.35% 10.08% 9.63% 8.13% 7.70% 7.59% 5.01% 4.61% 4.00% 2.92% 20241230-20251229期间到访“奥林匹克森林公园”的工作人口中
20_raw_data/pdf/奥林匹克森林公园区域大数据分析报告-20241230-202512291772157987.pdf,page,104,1,22,16,8,0,A10人群画像分析-基础属性-婚育状态 婚育状态 占比 北京市大盘 TGI 已育 52.57% 112 未婚 45.09% 86 已婚未育 2.34% 82 注：TGI目标群体指数 公式为：人群该项标签值用户所占比例/全体网民该项标签值的比例*100。指数等于100说明与全体网民水平相当，值越大偏好度越高，值越低说明越低于整体网民水平 59.08% 38.99% 1.93% 20241230-20251229期间到访“奥林匹克森林公园”
20_raw_data/pdf/奥林匹克森林公园区域大数据分析报告-20241230-202512291772157987.pdf,page,105,1,24,63,16,0,A10人群画像分析-基础属性-职住距离 1公里内 1-3公里 5-10公里15-25公里10-15公里 3-5公里 25-40公里 0 5 10 15 20 25 30 职住距离 占比 北京市大盘 TGI 1公里内 24.86% 28.08% 88 1-3公里 17.57% 18.29% 96 5-10公里 17.49% 16.57% 105 15-25公里 12.07% 11.15% 108 10-15公里 11.89% 10.63%
20_raw_data/pdf/奥林匹克森林公园区域大数据分析报告-20241230-202512291772157987.pdf,page,106,1,24,37,22,0,A10人群画像分析-基础属性-职业细分 职业细分 占比 北京市大盘 TGI 软件工程师 11.92% 109 网络销售/运营/服务 11.46% 90 培训讲师 8.70% 111 投资/理财顾问 8.36% 102 文案/活动策划 7.73% 98 前台接待/总机 6.45% 103 售前/售后技术支持工程师 6.55% 100 生物工程/制药/医疗健康 5.40% 101 财务/会计/审计/税务/出纳 5.48% 96 技术工人/技
20_raw_data/pdf/奥林匹克森林公园区域大数据分析报告-20241230-202512291772157987.pdf,page,107,1,24,39,16,0,A10人群画像分析-基础属性-学历 本科 初中 高中 硕士 小学 大专 博士 0 5 10 15 20 25 30 35 40 45 50 学历 占比 北京市大盘 TGI 本科 47.51% 45.09% 105 初中 14.31% 17.60% 81 高中 12.51% 13.55% 92 硕士 9.41% 5.78% 162 小学 8.04% 9.38% 85 大专 6.14% 7.33% 83 博士 2.08% 1.26% 164
20_raw_data/pdf/奥林匹克森林公园区域大数据分析报告-20241230-202512291772157987.pdf,page,108,1,24,37,22,0,A10人群画像分析-基础属性-所在行业 所在行业 占比 北京市大盘 TGI IT互联网 8.70% 127 教育 8.02% 102 建筑地产 6.96% 117 金融 7.85% 102 公务员 6.92% 101 媒体/文化传媒/公关 7.14% 93 生活服务 6.75% 89 石油/化工/矿产/地质/能源 5.48% 101 法律 5.54% 98 医疗 4.87% 99 注：TGI目标群体指数 公式为：人群该项标签值用户所占比
20_raw_data/pdf/奥林匹克森林公园区域大数据分析报告-20241230-202512291772157987.pdf,page,109,1,20,13,6,0,A10人群画像分析-基础属性-性别 男 女 性别 占比 北京市大盘 TGI 男 59.93% 58.25% 102 女 40.07% 41.75% 95 注：TGI目标群体指数 公式为：人群该项标签值用户所占比例/全体网民该项标签值的比例*100。指 数等于100说明与全体网民水平相当，值越大偏好度越高，值越低说明越低于整体网民水平 20241230-20251229期间到访“奥林匹克森林公园”的流动人口中，性别“男”的占比最高， 为5
20_raw_data/pdf/奥林匹克森林公园区域大数据分析报告-20241230-202512291772157987.pdf,page,110,1,24,31,12,0,A10人群画像分析-基础属性-人生阶段 上班族 大学生 自由职业 中学生 退休 0 10 20 30 40 50 60 70 80 人生阶段 占比 北京市大盘 TGI 上班族 67.13% 49.37% 135 大学生 14.22% 10.47% 135 自由职业 12.61% 30.70% 41 中学生 3.06% 3.81% 80 退休 2.97% 5.65% 52 注：TGI目标群体指数 公式为：人群该项标签值用户所占比例/全体网
20_raw_data/pdf/奥林匹克森林公园区域大数据分析报告-20241230-202512291772157987.pdf,page,111,1,24,71,18,0,A10人群画像分析-基础属性-年龄 46-60 31-35 36-40 25-30 18-24 41-45 0-17 61以上 0 5 10 15 20 25 年龄 占比 北京市大盘 TGI 46-60 20.21% 23.54% 85 31-35 17.52% 15.56% 112 36-40 17.10% 14.07% 121 25-30 15.99% 15.87% 100 18-24 14.52% 16.34% 88 41-45 
20_raw_data/pdf/奥林匹克森林公园区域大数据分析报告-20241230-202512291772157987.pdf,page,112,1,22,14,11,0,A10人群画像分析-基础属性-常驻区县V2 常驻区县V2 占比 北京市-北京市-朝阳区 北京市-北京市-海淀区 北京市-北京市-昌平区 北京市-北京市-丰台区 北京市-北京市-通州区 北京市-北京市-西城区 北京市-北京市-顺义区 北京市-北京市-大兴区 北京市-北京市-东城区 北京市-北京市-石景山区 23.15% 16.95% 10.65% 3.91% 3.49% 3.41% 3.03% 2.60% 2.38% 1.27% 2024
20_raw_data/pdf/奥林匹克森林公园区域大数据分析报告-20241230-202512291772157987.pdf,page,113,1,22,14,11,0,A10人群画像分析-基础属性-在读学校 在读学校 占比 中国农业大学 清华大学 北京航空航天大学 北京大学 北京林业大学 北京科技大学 北京邮电大学 北京师范大学 北京理工大学 中国地质大学 4.53% 4.50% 4.21% 4.01% 3.91% 3.07% 2.71% 2.33% 2.20% 2.15% 20241230-20251229期间到访“奥林匹克森林公园”的流动人口中，在读学校“中国农业大学 ”的占比最高，为4.53%。
20_raw_data/pdf/奥林匹克森林公园区域大数据分析报告-20241230-202512291772157987.pdf,page,114,1,22,14,11,0,A10人群画像分析-基础属性-常驻城市V2 常驻城市V2 占比 北京市-北京市 河北省-廊坊市 天津市-天津市 上海市-上海市 河北省-保定市 河北省-张家口市 广东省-深圳市 广东省-广州市 四川省-成都市 河北省-石家庄市 73.83% 1.94% 1.56% 0.90% 0.87% 0.67% 0.66% 0.55% 0.51% 0.49% 20241230-20251229期间到访“奥林匹克森林公园”的流动人口中，常驻城市V2“
20_raw_data/pdf/奥林匹克森林公园区域大数据分析报告-20241230-202512291772157987.pdf,page,115,1,22,14,11,0,A10人群画像分析-基础属性-常驻省份 常驻省份 占比 北京市 河北省 广东省 山东省 天津市 河南省 江苏省 浙江省 内蒙古自治区 山西省 73.83% 5.82% 2.12% 1.73% 1.56% 1.34% 1.15% 1.04% 1.01% 0.93% 20241230-20251229期间到访“奥林匹克森林公园”的流动人口中，常驻省份“北京市”的占 比最高，为73.83%。
20_raw_data/pdf/奥林匹克森林公园区域大数据分析报告-20241230-202512291772157987.pdf,page,116,1,20,14,11,0,A10人群画像分析-基础属性-活跃商圈v2 活跃商圈v2 人群覆盖度 回龙观-北京市 奥林匹克公园-北京市 天通苑-北京市 西三旗-北京市 北苑路北-北京市 立水桥南-北京市 永泰庄-北京市 学清路-北京市 永丰-北京市 大屯-北京市 8.02% 7.69% 4.85% 3.44% 3.40% 3.12% 3.02% 2.84% 2.50% 2.37% 20241230-20251229期间到访“奥林匹克森林公园”的流动人口中，活跃商圈
20_raw_data/pdf/奥林匹克森林公园区域大数据分析报告-20241230-202512291772157987.pdf,page,117,1,22,14,11,0,A10人群画像分析-基础属性-家乡地V2 家乡地V2 占比 北京市-北京市 河北省-保定市 河北省-廊坊市 河北省-张家口市 河北省-邯郸市 天津市-天津市 河北省-承德市 河北省-石家庄市 河北省-唐山市 河北省-沧州市 45.66% 2.00% 1.89% 1.74% 1.57% 1.54% 0.96% 0.84% 0.81% 0.76% 20241230-20251229期间到访“奥林匹克森林公园”的流动人口中，家乡地V2“北京市
20_raw_data/pdf/奥林匹克森林公园区域大数据分析报告-20241230-202512291772157987.pdf,page,118,1,24,30,12,0,A10人群画像分析-财富属性-城市消费水平v2 中 次高 高 次低 低 0 5 10 15 20 25 30 35 城市消费水平v2 占比 北京市大盘 TGI 中 32.30% 37.47% 86 次高 30.44% 22.54% 135 高 26.86% 10.00% 268 次低 7.45% 19.99% 37 低 2.95% 10.00% 29 注：TGI目标群体指数 公式为：人群该项标签值用户所占比例/全体网民该项标签值的比例*
20_raw_data/pdf/奥林匹克森林公园区域大数据分析报告-20241230-202512291772157987.pdf,page,119,1,22,23,8,0,A10人群画像分析-财富属性-通勤方式 公交 地铁 自驾 0 10 20 30 40 50 60 通勤方式 占比 北京市大盘 TGI 公交 56.50% 57.09% 98 地铁 31.11% 32.84% 94 自驾 12.38% 10.07% 123 注：TGI目标群体指数 公式为：人群该项标签值用户所占比例/全体网民该项标签值的比例*100。指 数等于100说明与全体网民水平相当，值越大偏好度越高，值越低说明越低于整体网民水平 2
20_raw_data/pdf/奥林匹克森林公园区域大数据分析报告-20241230-202512291772157987.pdf,page,120,1,24,31,12,0,A10人群画像分析-财富属性-全国消费水平v2 高 次高 中 次低 低 0 10 20 30 40 50 60 70 80 全国消费水平v2 占比 北京市大盘 TGI 高 70.44% 59.53% 118 次高 17.54% 36.43% 48 中 8.01% 2.45% 326 次低 2.24% 0.23% 972 低 1.78% 1.36% 130 注：TGI目标群体指数 公式为：人群该项标签值用户所占比例/全体网民该项标签值的比
20_raw_data/pdf/奥林匹克森林公园区域大数据分析报告-20241230-202512291772157987.pdf,page,121,1,24,77,20,20,A10人群画像分析-财富属性-酒店消费水平 301-450元 451-600元 151-300元 601-800元 1001-1500元 801-1000元 150元以内 2000元以上 1501-2000元 0 5 10 15 20 25 30 酒店消费水平 占比 北京市大盘 TGI 301-450元 24.17% 25.58% 94 451-600元 22.43% 18.87% 118 151-300元 17.71% 22.38% 
20_raw_data/pdf/奥林匹克森林公园区域大数据分析报告-20241230-202512291772157987.pdf,page,122,1,24,63,16,16,A10人群画像分析-财富属性-餐饮消费水平 51-100元101-150元50元以内151-200元201-300元301-500元500元以上 0 10 20 30 40 50 60 餐饮消费水平 占比 北京市大盘 TGI 51-100元 48.49% 48.66% 99 101-150元 31.10% 24.53% 126 50元以内 11.13% 18.16% 61 151-200元 5.06% 4.69% 107 201-300
20_raw_data/pdf/奥林匹克森林公园区域大数据分析报告-20241230-202512291772157987.pdf,page,123,1,24,58,14,0,A10人群画像分析-财富属性-餐饮消费频次 11次及以上 1-2次 3-4次 5-6次 7-8次 9-10次 0 5 10 15 20 25 30 35 40 餐饮消费频次 占比 北京市大盘 TGI 11次及以上 35.10% 19.52% 179 1-2次 25.96% 42.20% 61 3-4次 13.43% 16.27% 82 5-6次 10.29% 10.01% 102 7-8次 8.38% 6.94% 120 9-10次 6
20_raw_data/pdf/奥林匹克森林公园区域大数据分析报告-20241230-202512291772157987.pdf,page,124,1,24,51,14,0,A10人群画像分析-财富属性-商场到店频次 1-2次 3-4次 5-6次 11次及以上 7-8次 9-10次 商场到店频次 占比 北京市大盘 TGI 1-2次 48.30% 61.47% 78 3-4次 22.20% 19.05% 116 5-6次 11.28% 8.23% 137 11次及以上 8.44% 4.91% 171 7-8次 6.17% 4.10% 150 9-10次 3.60% 2.24% 160 注：TGI目标群体指数 
20_raw_data/pdf/奥林匹克森林公园区域大数据分析报告-20241230-202512291772157987.pdf,page,125,1,24,94,22,0,A10人群画像分析-财富属性-居住社区房价细分 40000-49999 30000-39999 50000-59999 60000-69999 10000-19999 70000-79999 20000-29999 80000-89999 >=100000 90000-99999 5000-7999 8000-9999 2000-4999 0 2 4 6 8 10 12 14 16 居住社区房价细分 占比 北京市大盘 TGI 40000
20_raw_data/pdf/奥林匹克森林公园区域大数据分析报告-20241230-202512291772157987.pdf,page,126,1,24,79,20,0,A10人群画像分析-财富属性-居住社区房价 40000-59999 20000-39999 60000-79999 80000-99999 10000-19999 >100000 5000-7999 8000-9999 2000-4999 0 5 10 15 20 25 30 居住社区房价 占比 北京市大盘 TGI 40000-59999 25.28% 32.36% 78 20000-39999 19.90% 27.73% 71 600
20_raw_data/pdf/奥林匹克森林公园区域大数据分析报告-20241230-202512291772157987.pdf,page,127,1,24,22,12,0,A10人群画像分析-财富属性-居住社区房价等级 中 次高 次低 高 低 居住社区房价等级 占比 北京市大盘 TGI 中 39.32% 41.33% 95 次高 27.04% 20.61% 131 次低 15.20% 20.23% 75 高 11.80% 10.37% 113 低 6.64% 7.46% 89 注：TGI目标群体指数 公式为：人群该项标签值用户所占比例/全体网民该项标签值的比例*100。指 数等于100说明与全体网民水平相
20_raw_data/pdf/奥林匹克森林公园区域大数据分析报告-20241230-202512291772157987.pdf,page,128,1,24,41,22,0,A10人群画像分析-财富属性-到访4S店品牌 到访4S店品牌 人群覆盖度 北京市大盘 TGI 奔驰 14.72% 133 宝马 10.79% 101 丰田 7.61% 123 上海大众 6.44% 97 奥迪 5.47% 97 一汽大众 7.08% 63 雷克萨斯 3.03% 116 北京现代 3.08% 87 沃尔沃 2.77% 83 标致 2.11% 98 注：TGI目标群体指数 公式为：人群该项标签值用户所占比例/全体网民该项标签
20_raw_data/pdf/奥林匹克森林公园区域大数据分析报告-20241230-202512291772157987.pdf,page,129,1,20,13,6,0,A10人群画像分析-财富属性-是否有车v2 是 否 是否有车v2 占比 北京市大盘 TGI 是 94.37% 86.54% 109 否 5.63% 13.46% 41 注：TGI目标群体指数 公式为：人群该项标签值用户所占比例/全体网民该项标签值的比例*100。指 数等于100说明与全体网民水平相当，值越大偏好度越高，值越低说明越低于整体网民水平 20241230-20251229期间到访“奥林匹克森林公园”的全部人口中，是否有车v2“
20_raw_data/pdf/奥林匹克森林公园区域大数据分析报告-20241230-202512291772157987.pdf,page,130,1,24,32,12,0,A10人群画像分析-财富属性-酒店消费价格等级 中 次高 高 次低 低 0 5 10 15 20 25 30 35 40 45 酒店消费价格等级 占比 北京市大盘 TGI 中 39.13% 37.88% 103 次高 26.95% 22.71% 118 高 18.28% 15.37% 118 次低 11.75% 16.74% 70 低 3.88% 7.29% 53 注：TGI目标群体指数 公式为：人群该项标签值用户所占比例/全体网民该项
20_raw_data/pdf/奥林匹克森林公园区域大数据分析报告-20241230-202512291772157987.pdf,page,131,1,24,22,12,0,A10人群画像分析-财富属性-居住社区房价等级 中 次高 次低 高 低 居住社区房价等级 占比 北京市大盘 TGI 中 38.78% 41.33% 93 次高 32.83% 20.61% 159 次低 12.35% 20.23% 61 高 11.57% 10.37% 111 低 4.48% 7.46% 60 注：TGI目标群体指数 公式为：人群该项标签值用户所占比例/全体网民该项标签值的比例*100。指 数等于100说明与全体网民水平相
20_raw_data/pdf/奥林匹克森林公园区域大数据分析报告-20241230-202512291772157987.pdf,page,132,1,24,41,22,0,A10人群画像分析-财富属性-到访4S店品牌 到访4S店品牌 人群覆盖度 北京市大盘 TGI 丰田 7.61% 180 奔驰 14.72% 88 上海大众 6.44% 147 宝马 10.79% 86 奥迪 5.47% 104 雷克萨斯 3.03% 128 一汽大众 7.08% 49 雪铁龙 1.69% 153 标致 2.11% 121 沃尔沃 2.77% 87 注：TGI目标群体指数 公式为：人群该项标签值用户所占比例/全体网民该项标
20_raw_data/pdf/奥林匹克森林公园区域大数据分析报告-20241230-202512291772157987.pdf,page,133,1,24,73,18,0,A10人群画像分析-财富属性-居住社区房价 40000-59999 60000-79999 20000-39999 80000-99999 >100000 10000-19999 2000-4999 5000-7999 0 5 10 15 20 25 30 35 居住社区房价 占比 北京市大盘 TGI 40000-59999 29.63% 32.36% 91 60000-79999 28.22% 16.97% 166 20000-399
20_raw_data/pdf/奥林匹克森林公园区域大数据分析报告-20241230-202512291772157987.pdf,page,134,1,20,13,6,0,A10人群画像分析-财富属性-是否有车v2 是 否 是否有车v2 占比 北京市大盘 TGI 是 90.05% 86.54% 104 否 9.95% 13.46% 73 注：TGI目标群体指数 公式为：人群该项标签值用户所占比例/全体网民该项标签值的比例*100。指 数等于100说明与全体网民水平相当，值越大偏好度越高，值越低说明越低于整体网民水平 20241230-20251229期间到访“奥林匹克森林公园”的工作人口中，是否有车v2“
20_raw_data/pdf/奥林匹克森林公园区域大数据分析报告-20241230-202512291772157987.pdf,page,135,1,24,51,14,0,A10人群画像分析-财富属性-商场到店频次 1-2次 3-4次 5-6次 11次及以上 7-8次 9-10次 商场到店频次 占比 北京市大盘 TGI 1-2次 50.99% 61.47% 82 3-4次 22.77% 19.05% 119 5-6次 10.99% 8.23% 133 11次及以上 6.34% 4.91% 129 7-8次 5.91% 4.10% 144 9-10次 3.00% 2.24% 133 注：TGI目标群体指数 
20_raw_data/pdf/奥林匹克森林公园区域大数据分析报告-20241230-202512291772157987.pdf,page,136,1,24,93,22,0,A10人群画像分析-财富属性-居住社区房价细分 60000-69999 50000-59999 40000-49999 30000-39999 70000-79999 90000-99999 80000-89999 >=100000 20000-29999 10000-19999 2000-4999 5000-7999 0 2 4 6 8 10 12 14 16 18 居住社区房价细分 占比 北京市大盘 TGI 60000-69999 
20_raw_data/pdf/奥林匹克森林公园区域大数据分析报告-20241230-202512291772157987.pdf,page,137,1,24,76,20,20,A10人群画像分析-财富属性-酒店消费水平 301-450元 451-600元 601-800元 151-300元 1001-1500元 801-1000元 150元以内 2000元以上 1501-2000元 0 5 10 15 20 25 酒店消费水平 占比 北京市大盘 TGI 301-450元 21.19% 25.58% 82 451-600元 20.60% 18.87% 109 601-800元 16.99% 11.25% 150
20_raw_data/pdf/奥林匹克森林公园区域大数据分析报告-20241230-202512291772157987.pdf,page,138,1,24,32,12,0,A10人群画像分析-财富属性-全国消费水平v2 高 次高 低 中 次低 0 10 20 30 40 50 60 70 80 90 全国消费水平v2 占比 北京市大盘 TGI 高 80.47% 59.53% 135 次高 17.71% 36.43% 48 低 0.88% 1.36% 64 中 0.80% 2.45% 32 次低 0.14% 0.23% 60 注：TGI目标群体指数 公式为：人群该项标签值用户所占比例/全体网民该项标签值的比
20_raw_data/pdf/奥林匹克森林公园区域大数据分析报告-20241230-202512291772157987.pdf,page,139,1,24,32,12,0,A10人群画像分析-财富属性-城市消费水平v2 中 次高 高 次低 低 0 5 10 15 20 25 30 35 40 45 城市消费水平v2 占比 北京市大盘 TGI 中 39.38% 37.47% 105 次高 30.57% 22.54% 135 高 19.97% 10.00% 199 次低 8.09% 19.99% 40 低 1.98% 10.00% 19 注：TGI目标群体指数 公式为：人群该项标签值用户所占比例/全体网民该项
20_raw_data/pdf/奥林匹克森林公园区域大数据分析报告-20241230-202512291772157987.pdf,page,140,1,24,60,14,0,A10人群画像分析-财富属性-餐饮消费频次 1-2次 11次及以上 3-4次 5-6次 7-8次 9-10次 0 5 10 15 20 25 30 35 40 餐饮消费频次 占比 北京市大盘 TGI 1-2次 36.08% 42.20% 85 11次及以上 25.30% 19.52% 129 3-4次 14.75% 16.27% 90 5-6次 10.34% 10.01% 103 7-8次 7.67% 6.94% 110 9-10次 5
20_raw_data/pdf/奥林匹克森林公园区域大数据分析报告-20241230-202512291772157987.pdf,page,141,1,22,24,8,0,A10人群画像分析-财富属性-通勤方式 公交 地铁 自驾 0 10 20 30 40 50 60 70 通勤方式 占比 北京市大盘 TGI 公交 59.12% 57.09% 103 地铁 32.65% 32.84% 99 自驾 8.22% 10.07% 81 注：TGI目标群体指数 公式为：人群该项标签值用户所占比例/全体网民该项标签值的比例*100。指 数等于100说明与全体网民水平相当，值越大偏好度越高，值越低说明越低于整体网民水平
20_raw_data/pdf/奥林匹克森林公园区域大数据分析报告-20241230-202512291772157987.pdf,page,142,1,24,30,12,0,A10人群画像分析-财富属性-酒店消费价格等级 中 次高 高 次低 低 0 5 10 15 20 25 30 35 酒店消费价格等级 占比 北京市大盘 TGI 中 32.60% 37.88% 86 次高 29.10% 22.71% 128 高 21.39% 15.37% 139 次低 11.64% 16.74% 69 低 5.27% 7.29% 72 注：TGI目标群体指数 公式为：人群该项标签值用户所占比例/全体网民该项标签值的比例*
20_raw_data/pdf/奥林匹克森林公园区域大数据分析报告-20241230-202512291772157987.pdf,page,143,1,24,67,16,16,A10人群画像分析-财富属性-餐饮消费水平 51-100元101-150元50元以内151-200元201-300元301-500元500元以上 0 5 10 15 20 25 30 35 40 45 50 餐饮消费水平 占比 北京市大盘 TGI 51-100元 45.51% 48.66% 93 101-150元 29.31% 24.53% 119 50元以内 12.02% 18.16% 66 151-200元 5.85% 4.69% 
20_raw_data/pdf/奥林匹克森林公园区域大数据分析报告-20241230-202512291772157987.pdf,page,144,1,24,94,22,0,A10人群画像分析-财富属性-居住社区房价细分 40000-49999 30000-39999 50000-59999 60000-69999 10000-19999 70000-79999 20000-29999 80000-89999 >=100000 5000-7999 90000-99999 8000-9999 2000-4999 0 2 4 6 8 10 12 14 16 居住社区房价细分 占比 北京市大盘 TGI 40000
20_raw_data/pdf/奥林匹克森林公园区域大数据分析报告-20241230-202512291772157987.pdf,page,145,1,20,13,6,0,A10人群画像分析-财富属性-是否有车v2 是 否 是否有车v2 占比 北京市大盘 TGI 是 94.38% 86.54% 109 否 5.62% 13.46% 41 注：TGI目标群体指数 公式为：人群该项标签值用户所占比例/全体网民该项标签值的比例*100。指 数等于100说明与全体网民水平相当，值越大偏好度越高，值越低说明越低于整体网民水平 20241230-20251229期间到访“奥林匹克森林公园”的流动人口中，是否有车v2“
20_raw_data/pdf/奥林匹克森林公园区域大数据分析报告-20241230-202512291772157987.pdf,page,146,1,22,23,8,0,A10人群画像分析-财富属性-通勤方式 公交 地铁 自驾 0 10 20 30 40 50 60 通勤方式 占比 北京市大盘 TGI 公交 56.50% 57.09% 98 地铁 31.11% 32.84% 94 自驾 12.39% 10.07% 123 注：TGI目标群体指数 公式为：人群该项标签值用户所占比例/全体网民该项标签值的比例*100。指 数等于100说明与全体网民水平相当，值越大偏好度越高，值越低说明越低于整体网民水平 2
20_raw_data/pdf/奥林匹克森林公园区域大数据分析报告-20241230-202512291772157987.pdf,page,147,1,24,58,14,0,A10人群画像分析-财富属性-餐饮消费频次 11次及以上 1-2次 3-4次 5-6次 7-8次 9-10次 0 5 10 15 20 25 30 35 40 餐饮消费频次 占比 北京市大盘 TGI 11次及以上 35.12% 19.52% 179 1-2次 25.93% 42.20% 61 3-4次 13.43% 16.27% 82 5-6次 10.29% 10.01% 102 7-8次 8.38% 6.94% 120 9-10次 6
20_raw_data/pdf/奥林匹克森林公园区域大数据分析报告-20241230-202512291772157987.pdf,page,148,1,24,79,20,0,A10人群画像分析-财富属性-居住社区房价 40000-59999 20000-39999 60000-79999 80000-99999 10000-19999 >100000 5000-7999 8000-9999 2000-4999 0 5 10 15 20 25 30 居住社区房价 占比 北京市大盘 TGI 40000-59999 25.28% 32.36% 78 20000-39999 19.92% 27.73% 71 600
20_raw_data/pdf/奥林匹克森林公园区域大数据分析报告-20241230-202512291772157987.pdf,page,149,1,24,41,22,0,A10人群画像分析-财富属性-到访4S店品牌 到访4S店品牌 人群覆盖度 北京市大盘 TGI 奔驰 14.72% 133 宝马 10.79% 101 丰田 7.61% 123 上海大众 6.44% 97 奥迪 5.47% 97 一汽大众 7.08% 63 雷克萨斯 3.03% 116 北京现代 3.08% 87 沃尔沃 2.77% 83 标致 2.11% 98 注：TGI目标群体指数 公式为：人群该项标签值用户所占比例/全体网民该项标签
20_raw_data/pdf/奥林匹克森林公园区域大数据分析报告-20241230-202512291772157987.pdf,page,150,1,24,63,16,16,A10人群画像分析-财富属性-餐饮消费水平 51-100元101-150元50元以内151-200元201-300元301-500元500元以上 0 10 20 30 40 50 60 餐饮消费水平 占比 北京市大盘 TGI 51-100元 48.49% 48.66% 99 101-150元 31.10% 24.53% 126 50元以内 11.12% 18.16% 61 151-200元 5.06% 4.69% 107 201-300
20_raw_data/pdf/奥林匹克森林公园区域大数据分析报告-20241230-202512291772157987.pdf,page,151,1,24,32,12,0,A10人群画像分析-财富属性-酒店消费价格等级 中 次高 高 次低 低 0 5 10 15 20 25 30 35 40 45 酒店消费价格等级 占比 北京市大盘 TGI 中 39.15% 37.88% 103 次高 26.95% 22.71% 118 高 18.28% 15.37% 118 次低 11.75% 16.74% 70 低 3.87% 7.29% 53 注：TGI目标群体指数 公式为：人群该项标签值用户所占比例/全体网民该项
20_raw_data/pdf/奥林匹克森林公园区域大数据分析报告-20241230-202512291772157987.pdf,page,152,1,24,51,14,0,A10人群画像分析-财富属性-商场到店频次 1-2次 3-4次 5-6次 11次及以上 7-8次 9-10次 商场到店频次 占比 北京市大盘 TGI 1-2次 48.29% 61.47% 78 3-4次 22.20% 19.05% 116 5-6次 11.28% 8.23% 137 11次及以上 8.45% 4.91% 172 7-8次 6.17% 4.10% 150 9-10次 3.60% 2.24% 160 注：TGI目标群体指数 
20_raw_data/pdf/奥林匹克森林公园区域大数据分析报告-20241230-202512291772157987.pdf,page,153,1,24,22,12,0,A10人群画像分析-财富属性-居住社区房价等级 中 次高 次低 高 低 居住社区房价等级 占比 北京市大盘 TGI 中 39.34% 41.33% 95 次高 27.00% 20.61% 130 次低 15.21% 20.23% 75 高 11.79% 10.37% 113 低 6.65% 7.46% 89 注：TGI目标群体指数 公式为：人群该项标签值用户所占比例/全体网民该项标签值的比例*100。指 数等于100说明与全体网民水平相
20_raw_data/pdf/奥林匹克森林公园区域大数据分析报告-20241230-202512291772157987.pdf,page,154,1,24,31,12,0,A10人群画像分析-财富属性-全国消费水平v2 高 次高 中 次低 低 0 10 20 30 40 50 60 70 80 全国消费水平v2 占比 北京市大盘 TGI 高 70.39% 59.53% 118 次高 17.55% 36.43% 48 中 8.04% 2.45% 327 次低 2.24% 0.23% 975 低 1.78% 1.36% 131 注：TGI目标群体指数 公式为：人群该项标签值用户所占比例/全体网民该项标签值的比
20_raw_data/pdf/奥林匹克森林公园区域大数据分析报告-20241230-202512291772157987.pdf,page,155,1,24,77,20,20,A10人群画像分析-财富属性-酒店消费水平 301-450元 451-600元 151-300元 601-800元 1001-1500元 801-1000元 150元以内 2000元以上 1501-2000元 0 5 10 15 20 25 30 酒店消费水平 占比 北京市大盘 TGI 301-450元 24.18% 25.58% 94 451-600元 22.44% 18.87% 118 151-300元 17.71% 22.38% 
20_raw_data/pdf/奥林匹克森林公园区域大数据分析报告-20241230-202512291772157987.pdf,page,156,1,24,30,12,0,A10人群画像分析-财富属性-城市消费水平v2 中 次高 高 次低 低 0 5 10 15 20 25 30 35 城市消费水平v2 占比 北京市大盘 TGI 中 32.29% 37.47% 86 次高 30.41% 22.54% 134 高 26.89% 10.00% 268 次低 7.45% 19.99% 37 低 2.96% 10.00% 29 注：TGI目标群体指数 公式为：人群该项标签值用户所占比例/全体网民该项标签值的比例*
20_raw_data/pdf/奥林匹克森林公园区域大数据分析报告-20241230-202512291772157987.pdf,page,157,1,24,49,22,0,A10人群画像分析-旅行偏好-出游月份 出游月份 人群覆盖度 北京市大盘 TGI 10月 53.74% 112 02月 43.63% 118 08月 41.24% 123 05月 37.44% 124 09月 36.88% 119 07月 35.27% 124 06月 30.55% 126 04月 28.38% 131 01月 24.00% 143 11月 28.47% 120 注：TGI目标群体指数 公式为：人群该项标签值用户所占比例
20_raw_data/pdf/奥林匹克森林公园区域大数据分析报告-20241230-202512291772157987.pdf,page,158,1,20,13,6,0,A10人群画像分析-旅行偏好-出国游 否 是 出国游 占比 北京市大盘 TGI 否 86.22% 93.16% 92 是 13.78% 6.84% 201 注：TGI目标群体指数 公式为：人群该项标签值用户所占比例/全体网民该项标签值的比例*100。指 数等于100说明与全体网民水平相当，值越大偏好度越高，值越低说明越低于整体网民水平 20241230-20251229期间到访“奥林匹克森林公园”的全部人口中，出国游“否”的占比最高， 
20_raw_data/pdf/奥林匹克森林公园区域大数据分析报告-20241230-202512291772157987.pdf,page,159,2,24,19,10,0,A10人群画像分析-旅行偏好-旅游距离 长途 无出游 中途 近途 旅游距离 占比 北京市大盘 TGI 长途 46.35% 24.40% 189 无出游 19.43% 48.42% 40 中途 17.78% 13.13% 135 近途 16.44% 14.04% 117 注：TGI目标群体指数 公式为：人群该项标签值用户所占比例/全体网民该项标签值的比例*100。指 数等于100说明与全体网民水平相当，值越大偏好度越高，值越低说明越低于整
20_raw_data/pdf/奥林匹克森林公园区域大数据分析报告-20241230-202512291772157987.pdf,page,160,1,20,13,6,0,A10人群画像分析-旅行偏好-差旅常客 否 是 差旅常客 占比 北京市大盘 TGI 否 93.84% 96.03% 97 是 6.16% 3.96% 155 注：TGI目标群体指数 公式为：人群该项标签值用户所占比例/全体网民该项标签值的比例*100。指 数等于100说明与全体网民水平相当，值越大偏好度越高，值越低说明越低于整体网民水平 20241230-20251229期间到访“奥林匹克森林公园”的全部人口中，差旅常客“否”的占比最 
20_raw_data/pdf/奥林匹克森林公园区域大数据分析报告-20241230-202512291772157987.pdf,page,161,1,24,49,22,0,A10人群画像分析-旅行偏好-出游月份 出游月份 人群覆盖度 北京市大盘 TGI 10月 53.74% 110 02月 43.63% 103 09月 36.88% 118 08月 41.24% 105 05月 37.44% 110 07月 35.27% 108 11月 28.47% 120 06月 30.55% 109 04月 28.38% 115 01月 24.00% 119 注：TGI目标群体指数 公式为：人群该项标签值用户所占比例
20_raw_data/pdf/奥林匹克森林公园区域大数据分析报告-20241230-202512291772157987.pdf,page,162,1,24,19,10,0,A10人群画像分析-旅行偏好-旅游距离 长途 无出游 近途 中途 旅游距离 占比 北京市大盘 TGI 长途 39.96% 24.40% 163 无出游 33.68% 48.42% 69 近途 13.43% 14.04% 95 中途 12.92% 13.13% 98 注：TGI目标群体指数 公式为：人群该项标签值用户所占比例/全体网民该项标签值的比例*100。指 数等于100说明与全体网民水平相当，值越大偏好度越高，值越低说明越低于整体网
20_raw_data/pdf/奥林匹克森林公园区域大数据分析报告-20241230-202512291772157987.pdf,page,163,1,20,13,6,0,A10人群画像分析-旅行偏好-差旅常客 否 是 差旅常客 占比 北京市大盘 TGI 否 94.29% 96.03% 98 是 5.71% 3.96% 143 注：TGI目标群体指数 公式为：人群该项标签值用户所占比例/全体网民该项标签值的比例*100。指 数等于100说明与全体网民水平相当，值越大偏好度越高，值越低说明越低于整体网民水平 20241230-20251229期间到访“奥林匹克森林公园”的工作人口中，差旅常客“否”的占比最 
20_raw_data/pdf/奥林匹克森林公园区域大数据分析报告-20241230-202512291772157987.pdf,page,164,1,20,13,6,0,A10人群画像分析-旅行偏好-出国游 否 是 出国游 占比 北京市大盘 TGI 否 86.11% 93.16% 92 是 13.88% 6.84% 203 注：TGI目标群体指数 公式为：人群该项标签值用户所占比例/全体网民该项标签值的比例*100。指 数等于100说明与全体网民水平相当，值越大偏好度越高，值越低说明越低于整体网民水平 20241230-20251229期间到访“奥林匹克森林公园”的工作人口中，出国游“否”的占比最高， 
20_raw_data/pdf/奥林匹克森林公园区域大数据分析报告-20241230-202512291772157987.pdf,page,165,1,24,49,22,0,A10人群画像分析-旅行偏好-出游月份 出游月份 人群覆盖度 北京市大盘 TGI 10月 53.74% 112 02月 43.63% 118 08月 41.24% 123 05月 37.44% 124 09月 36.88% 119 07月 35.27% 124 06月 30.55% 126 04月 28.38% 131 01月 24.00% 144 11月 28.47% 120 注：TGI目标群体指数 公式为：人群该项标签值用户所占比例
20_raw_data/pdf/奥林匹克森林公园区域大数据分析报告-20241230-202512291772157987.pdf,page,166,1,20,13,6,0,A10人群画像分析-旅行偏好-出国游 否 是 出国游 占比 北京市大盘 TGI 否 86.22% 93.16% 92 是 13.78% 6.84% 201 注：TGI目标群体指数 公式为：人群该项标签值用户所占比例/全体网民该项标签值的比例*100。指 数等于100说明与全体网民水平相当，值越大偏好度越高，值越低说明越低于整体网民水平 20241230-20251229期间到访“奥林匹克森林公园”的流动人口中，出国游“否”的占比最高， 
20_raw_data/pdf/奥林匹克森林公园区域大数据分析报告-20241230-202512291772157987.pdf,page,167,1,20,13,6,0,A10人群画像分析-旅行偏好-差旅常客 否 是 差旅常客 占比 北京市大盘 TGI 否 93.84% 96.03% 97 是 6.16% 3.96% 155 注：TGI目标群体指数 公式为：人群该项标签值用户所占比例/全体网民该项标签值的比例*100。指 数等于100说明与全体网民水平相当，值越大偏好度越高，值越低说明越低于整体网民水平 20241230-20251229期间到访“奥林匹克森林公园”的流动人口中，差旅常客“否”的占比最 
20_raw_data/pdf/奥林匹克森林公园区域大数据分析报告-20241230-202512291772157987.pdf,page,168,2,24,19,10,0,A10人群画像分析-旅行偏好-旅游距离 长途 无出游 中途 近途 旅游距离 占比 北京市大盘 TGI 长途 46.38% 24.40% 190 无出游 19.37% 48.42% 39 中途 17.80% 13.13% 135 近途 16.45% 14.04% 117 注：TGI目标群体指数 公式为：人群该项标签值用户所占比例/全体网民该项标签值的比例*100。指 数等于100说明与全体网民水平相当，值越大偏好度越高，值越低说明越低于整
20_raw_data/pdf/奥林匹克森林公园区域大数据分析报告-20241230-202512291772157987.pdf,page,169,1,24,25,14,0,A10人群画像分析-到访偏好-娱乐休闲 娱乐休闲 人群覆盖度 北京市大盘 TGI 咖啡厅 4.67% 286 网吧 2.12% 289 酒吧 1.51% 381 户外活动:游乐场 2.06% 271 度假疗养 1.03% 240 电影院 0.70% 313 注：TGI目标群体指数 公式为：人群该项标签值用户所占比例/全体网民该项标签值的比例*100。指数等于100说明与全体网民水平相当，值越大偏好度越高，值越低说明越低于整体网民水平 1
20_raw_data/pdf/奥林匹克森林公园区域大数据分析报告-20241230-202512291772157987.pdf,page,170,1,24,37,22,0,A10人群画像分析-到访偏好-运动健身 运动健身 人群覆盖度 北京市大盘 TGI 综合体育场馆 7.29% 263 高尔夫场 6.78% 257 健身中心 5.05% 242 台球馆 4.08% 274 瑜伽 0.91% 382 游泳馆 0.89% 387 滑雪 0.70% 259 舞蹈 0.31% 453 羽毛球馆 0.28% 263 足球场 0.15% 400 注：TGI目标群体指数 公式为：人群该项标签值用户所占比例/全体网民该项
20_raw_data/pdf/奥林匹克森林公园区域大数据分析报告-20241230-202512291772157987.pdf,page,171,1,24,37,22,0,A10人群画像分析-到访偏好-旅游景点 旅游景点 人群覆盖度 北京市大盘 TGI 国家级景点 17.28% 377 公园 21.64% 227 风景名胜 14.88% 239 城市广场 4.53% 297 世界遗产 1.47% 390 寺庙道观 1.11% 310 动物园 0.70% 363 植物园 0.67% 374 省级景点 0.65% 364 纪念馆 0.24% 351 注：TGI目标群体指数 公式为：人群该项标签值用户所占比例/
20_raw_data/pdf/奥林匹克森林公园区域大数据分析报告-20241230-202512291772157987.pdf,page,172,1,20,13,6,0,A10人群画像分析-到访偏好-基础设施 基础设施 人群覆盖度 北京市大盘 TGI 交通设施 火车站 22.28% 205 交通设施 飞机场 20.07% 215 注：TGI目标群体指数 公式为：人群该项标签值用户所占比例/全体网民该项标签值的比例*100。指数等于100说明与全体网民水平相当，值越大偏好度越高，值越低说明越低于整体网民水平 45.87% 43.20% 20241230-20251229期间到访“奥林匹克森林公园”的全部人
20_raw_data/pdf/奥林匹克森林公园区域大数据分析报告-20241230-202512291772157987.pdf,page,173,1,24,37,22,0,A10人群画像分析-到访偏好-到访偏好大类 到访偏好大类 人群覆盖度 北京市大盘 TGI 购物 68.24% 136 房产（楼宇类型） 69.31% 131 旅游景点 44.83% 196 酒店宾馆 49.60% 160 教育学校 43.22% 164 基础设施 36.87% 189 医疗保健 39.37% 166 美食 38.85% 151 娱乐休闲 22.75% 201 汽车 20.69% 206 注：TGI目标群体指数 公式为：人
20_raw_data/pdf/奥林匹克森林公园区域大数据分析报告-20241230-202512291772157987.pdf,page,174,1,24,22,12,0,A10人群画像分析-到访偏好-酒店宾馆 酒店宾馆 人群覆盖度 北京市大盘 TGI 星级酒店 25.17% 215 经济型酒店 17.38% 209 公寓式酒店 7.78% 235 度假村 4.82% 255 旅馆招待所 2.73% 280 注：TGI目标群体指数 公式为：人群该项标签值用户所占比例/全体网民该项标签值的比例*100。指数等于100说明与全体网民水平相当，值越大偏好度越高，值越低说明越低于整体网民水平 54.36% 36.
20_raw_data/pdf/奥林匹克森林公园区域大数据分析报告-20241230-202512291772157987.pdf,page,175,1,24,37,22,0,A10人群画像分析-到访偏好-购物 购物 人群覆盖度 北京市大盘 TGI 购物支付 91.18% 103 导购 92.69% 101 商城 91.43% 102 团购 73.07% 108 综合商场 42.44% 176 商业步行街 23.47% 194 家具家居建材 9.76% 253 图书音像 4.58% 290 数码家电 2.73% 305 体育户外 2.46% 316 注：TGI目标群体指数 公式为：人群该项标签值用户所占比例/
20_raw_data/pdf/奥林匹克森林公园区域大数据分析报告-20241230-202512291772157987.pdf,page,176,1,24,37,22,0,A10人群画像分析-到访偏好-医疗保健 医疗保健 人群覆盖度 北京市大盘 TGI 综合医院 30.38% 175 专科医院 齿科 3.10% 322 药房药店 2.57% 364 专科医院 整形 1.75% 367 专科医院 其它专科医院 1.70% 327 专科医院 儿科 1.13% 317 专科医院 妇产科 1.49% 223 专科医院 眼科 0.70% 414 专科医院 肿瘤 0.86% 291 专科医院 骨科 0.38% 366
20_raw_data/pdf/奥林匹克森林公园区域大数据分析报告-20241230-202512291772157987.pdf,page,177,1,24,25,14,0,A10人群画像分析-到访偏好-汽车 汽车 人群覆盖度 北京市大盘 TGI 汽车销售 11.51% 230 汽车维修 6.46% 267 驾校 3.47% 251 车辆管理机构 2.72% 287 汽车租赁 1.84% 407 二手车交易市场 1.32% 324 注：TGI目标群体指数 公式为：人群该项标签值用户所占比例/全体网民该项标签值的比例*100。指数等于100说明与全体网民水平相当，值越大偏好度越高，值越低说明越低于整体网民水平
20_raw_data/pdf/奥林匹克森林公园区域大数据分析报告-20241230-202512291772157987.pdf,page,178,1,24,28,16,0,A10人群画像分析-到访偏好-教育学校 教育学校 人群覆盖度 北京市大盘 TGI 大学 24.99% 202 培训 8.19% 255 中学 7.99% 241 小学 6.06% 253 幼儿园 4.14% 250 职业技术学校 2.38% 282 成人教育 0.44% 395 注：TGI目标群体指数 公式为：人群该项标签值用户所占比例/全体网民该项标签值的比例*100。指数等于100说明与全体网民水平相当，值越大偏好度越高，值越低说明
20_raw_data/pdf/奥林匹克森林公园区域大数据分析报告-20241230-202512291772157987.pdf,page,179,1,24,37,22,0,A10人群画像分析-到访偏好-美食 美食 人群覆盖度 北京市大盘 TGI 小吃快餐 14.35% 229 火锅 8.53% 274 烧烤 5.14% 300 冷饮店 4.42% 332 清真 5.38% 243 西餐 3.68% 301 日韩菜 2.48% 335 面包甜点 2.17% 339 海鲜 1.48% 466 家常菜 1.69% 337 注：TGI目标群体指数 公式为：人群该项标签值用户所占比例/全体网民该项标签值的比例*10
20_raw_data/pdf/奥林匹克森林公园区域大数据分析报告-20241230-202512291772157987.pdf,page,180,1,24,37,22,0,A10人群画像分析-到访偏好-到访偏好大类 到访偏好大类 人群覆盖度 北京市大盘 TGI 旅游景点 44.83% 210 购物 68.24% 110 房产（楼宇类型） 69.31% 107 酒店宾馆 49.60% 120 基础设施 36.87% 130 教育学校 43.22% 108 医疗保健 39.37% 107 美食 38.85% 105 运动健身 15.06% 256 娱乐休闲 22.75% 129 注：TGI目标群体指数 公式为
20_raw_data/pdf/奥林匹克森林公园区域大数据分析报告-20241230-202512291772157987.pdf,page,181,1,24,37,22,0,A10人群画像分析-到访偏好-美食 美食 人群覆盖度 北京市大盘 TGI 小吃快餐 14.35% 110 火锅 8.53% 137 烧烤 5.14% 119 冷饮店 4.42% 121 清真 5.38% 97 西餐 3.68% 120 日韩菜 2.48% 137 家常菜 1.69% 160 面包甜点 2.17% 112 海鲜 1.48% 149 注：TGI目标群体指数 公式为：人群该项标签值用户所占比例/全体网民该项标签值的比例*100
20_raw_data/pdf/奥林匹克森林公园区域大数据分析报告-20241230-202512291772157987.pdf,page,182,1,24,25,14,0,A10人群画像分析-到访偏好-娱乐休闲 娱乐休闲 人群覆盖度 北京市大盘 TGI 咖啡厅 4.67% 136 户外活动:游乐场 2.06% 136 酒吧 1.51% 178 网吧 2.12% 92 度假疗养 1.03% 163 电影院 0.70% 156 注：TGI目标群体指数 公式为：人群该项标签值用户所占比例/全体网民该项标签值的比例*100。指数等于100说明与全体网民水平相当，值越大偏好度越高，值越低说明越低于整体网民水平 6.
20_raw_data/pdf/奥林匹克森林公园区域大数据分析报告-20241230-202512291772157987.pdf,page,183,1,24,37,22,0,A10人群画像分析-到访偏好-运动健身 运动健身 人群覆盖度 北京市大盘 TGI 高尔夫场 6.78% 210 综合体育场馆 7.29% 182 健身中心 5.05% 125 台球馆 4.08% 111 游泳馆 0.89% 245 滑雪 0.70% 188 瑜伽 0.91% 141 溜冰 0.27% 352 舞蹈 0.31% 128 足球场 0.15% 174 注：TGI目标群体指数 公式为：人群该项标签值用户所占比例/全体网民该项标签
20_raw_data/pdf/奥林匹克森林公园区域大数据分析报告-20241230-202512291772157987.pdf,page,184,1,24,37,22,0,A10人群画像分析-到访偏好-旅游景点 旅游景点 人群覆盖度 北京市大盘 TGI 国家级景点 17.28% 484 公园 21.64% 169 风景名胜 14.88% 152 城市广场 4.53% 133 世界遗产 1.47% 149 寺庙道观 1.11% 155 省级景点 0.65% 174 动物园 0.70% 145 植物园 0.67% 96 纪念馆 0.24% 127 注：TGI目标群体指数 公式为：人群该项标签值用户所占比例/全
20_raw_data/pdf/奥林匹克森林公园区域大数据分析报告-20241230-202512291772157987.pdf,page,185,1,24,25,14,0,A10人群画像分析-到访偏好-汽车 汽车 人群覆盖度 北京市大盘 TGI 汽车销售 11.51% 140 汽车维修 6.46% 133 驾校 3.47% 88 汽车租赁 1.84% 152 车辆管理机构 2.72% 87 二手车交易市场 1.32% 75 注：TGI目标群体指数 公式为：人群该项标签值用户所占比例/全体网民该项标签值的比例*100。指数等于100说明与全体网民水平相当，值越大偏好度越高，值越低说明越低于整体网民水平 16
20_raw_data/pdf/奥林匹克森林公园区域大数据分析报告-20241230-202512291772157987.pdf,page,186,1,24,37,22,0,A10人群画像分析-到访偏好-医疗保健 医疗保健 人群覆盖度 北京市大盘 TGI 综合医院 30.38% 107 专科医院 齿科 3.10% 126 专科医院 整形 1.75% 170 药房药店 2.57% 101 专科医院 其它专科医院 1.70% 91 专科医院 儿科 1.13% 121 专科医院 妇产科 1.49% 70 专科医院 眼科 0.70% 126 专科医院 精神病医院 0.38% 160 专科医院 肿瘤 0.86% 56
20_raw_data/pdf/奥林匹克森林公园区域大数据分析报告-20241230-202512291772157987.pdf,page,187,1,24,28,16,0,A10人群画像分析-到访偏好-教育学校 教育学校 人群覆盖度 北京市大盘 TGI 大学 24.99% 114 培训 8.19% 131 中学 7.99% 107 小学 6.06% 100 幼儿园 4.14% 119 职业技术学校 2.38% 93 成人教育 0.44% 98 注：TGI目标群体指数 公式为：人群该项标签值用户所占比例/全体网民该项标签值的比例*100。指数等于100说明与全体网民水平相当，值越大偏好度越高，值越低说明越低
20_raw_data/pdf/奥林匹克森林公园区域大数据分析报告-20241230-202512291772157987.pdf,page,188,1,24,37,22,0,A10人群画像分析-到访偏好-购物 购物 人群覆盖度 北京市大盘 TGI 导购 92.69% 103 商城 91.43% 103 购物支付 91.18% 102 团购 73.07% 114 综合商场 42.44% 133 商业步行街 23.47% 129 在线交易 6.88% 210 家具家居建材 9.76% 132 图书音像 4.58% 143 体育户外 2.46% 151 注：TGI目标群体指数 公式为：人群该项标签值用户所占比例/
20_raw_data/pdf/奥林匹克森林公园区域大数据分析报告-20241230-202512291772157987.pdf,page,189,1,24,22,12,0,A10人群画像分析-到访偏好-酒店宾馆 酒店宾馆 人群覆盖度 北京市大盘 TGI 星级酒店 25.17% 152 经济型酒店 17.38% 118 公寓式酒店 7.78% 110 度假村 4.82% 156 旅馆招待所 2.73% 90 注：TGI目标群体指数 公式为：人群该项标签值用户所占比例/全体网民该项标签值的比例*100。指数等于100说明与全体网民水平相当，值越大偏好度越高，值越低说明越低于整体网民水平 38.50% 20.5
20_raw_data/pdf/奥林匹克森林公园区域大数据分析报告-20241230-202512291772157987.pdf,page,190,1,20,13,6,0,A10人群画像分析-到访偏好-基础设施 基础设施 人群覆盖度 北京市大盘 TGI 交通设施 飞机场 20.07% 159 交通设施 火车站 22.28% 127 注：TGI目标群体指数 公式为：人群该项标签值用户所占比例/全体网民该项标签值的比例*100。指数等于100说明与全体网民水平相当，值越大偏好度越高，值越低说明越低于整体网民水平 32.09% 28.48% 20241230-20251229期间到访“奥林匹克森林公园”的工作人
20_raw_data/pdf/奥林匹克森林公园区域大数据分析报告-20241230-202512291772157987.pdf,page,191,1,24,28,16,0,A10人群画像分析-到访偏好-教育学校 教育学校 人群覆盖度 北京市大盘 TGI 大学 24.99% 202 培训 8.19% 256 中学 7.99% 242 小学 6.06% 254 幼儿园 4.14% 251 职业技术学校 2.38% 283 成人教育 0.44% 397 注：TGI目标群体指数 公式为：人群该项标签值用户所占比例/全体网民该项标签值的比例*100。指数等于100说明与全体网民水平相当，值越大偏好度越高，值越低说明
20_raw_data/pdf/奥林匹克森林公园区域大数据分析报告-20241230-202512291772157987.pdf,page,192,1,24,37,22,0,A10人群画像分析-到访偏好-医疗保健 医疗保健 人群覆盖度 北京市大盘 TGI 综合医院 30.38% 175 专科医院 齿科 3.10% 323 药房药店 2.57% 365 专科医院 整形 1.75% 368 专科医院 其它专科医院 1.70% 328 专科医院 儿科 1.13% 317 专科医院 妇产科 1.49% 224 专科医院 眼科 0.70% 415 专科医院 肿瘤 0.86% 291 专科医院 骨科 0.38% 367
20_raw_data/pdf/奥林匹克森林公园区域大数据分析报告-20241230-202512291772157987.pdf,page,193,1,24,22,12,0,A10人群画像分析-到访偏好-酒店宾馆 酒店宾馆 人群覆盖度 北京市大盘 TGI 星级酒店 25.17% 216 经济型酒店 17.38% 209 公寓式酒店 7.78% 236 度假村 4.82% 255 旅馆招待所 2.73% 281 注：TGI目标群体指数 公式为：人群该项标签值用户所占比例/全体网民该项标签值的比例*100。指数等于100说明与全体网民水平相当，值越大偏好度越高，值越低说明越低于整体网民水平 54.43% 36.
20_raw_data/pdf/奥林匹克森林公园区域大数据分析报告-20241230-202512291772157987.pdf,page,194,1,24,37,22,0,A10人群画像分析-到访偏好-到访偏好大类 到访偏好大类 人群覆盖度 北京市大盘 TGI 购物 68.24% 136 房产（楼宇类型） 69.31% 131 旅游景点 44.83% 196 酒店宾馆 49.60% 160 教育学校 43.22% 164 基础设施 36.87% 189 医疗保健 39.37% 166 美食 38.85% 151 娱乐休闲 22.75% 202 汽车 20.69% 206 注：TGI目标群体指数 公式为：人
20_raw_data/pdf/奥林匹克森林公园区域大数据分析报告-20241230-202512291772157987.pdf,page,195,1,24,37,22,0,A10人群画像分析-到访偏好-旅游景点 旅游景点 人群覆盖度 北京市大盘 TGI 国家级景点 17.28% 377 公园 21.64% 227 风景名胜 14.88% 240 城市广场 4.53% 298 世界遗产 1.47% 391 寺庙道观 1.11% 310 动物园 0.70% 364 植物园 0.67% 375 省级景点 0.65% 365 纪念馆 0.24% 352 注：TGI目标群体指数 公式为：人群该项标签值用户所占比例/
20_raw_data/pdf/奥林匹克森林公园区域大数据分析报告-20241230-202512291772157987.pdf,page,196,1,24,37,22,0,A10人群画像分析-到访偏好-美食 美食 人群覆盖度 北京市大盘 TGI 小吃快餐 14.35% 230 火锅 8.53% 275 烧烤 5.14% 301 冷饮店 4.42% 333 清真 5.38% 243 西餐 3.68% 302 日韩菜 2.48% 336 面包甜点 2.17% 340 海鲜 1.48% 467 家常菜 1.69% 338 注：TGI目标群体指数 公式为：人群该项标签值用户所占比例/全体网民该项标签值的比例*10
20_raw_data/pdf/奥林匹克森林公园区域大数据分析报告-20241230-202512291772157987.pdf,page,197,1,20,13,6,0,A10人群画像分析-到访偏好-基础设施 基础设施 人群覆盖度 北京市大盘 TGI 交通设施 火车站 22.28% 206 交通设施 飞机场 20.07% 215 注：TGI目标群体指数 公式为：人群该项标签值用户所占比例/全体网民该项标签值的比例*100。指数等于100说明与全体网民水平相当，值越大偏好度越高，值越低说明越低于整体网民水平 45.94% 43.25% 20241230-20251229期间到访“奥林匹克森林公园”的流动人
20_raw_data/pdf/奥林匹克森林公园区域大数据分析报告-20241230-202512291772157987.pdf,page,198,1,24,25,14,0,A10人群画像分析-到访偏好-娱乐休闲 娱乐休闲 人群覆盖度 北京市大盘 TGI 咖啡厅 4.67% 286 网吧 2.12% 290 酒吧 1.51% 382 户外活动:游乐场 2.06% 272 度假疗养 1.03% 240 电影院 0.70% 313 注：TGI目标群体指数 公式为：人群该项标签值用户所占比例/全体网民该项标签值的比例*100。指数等于100说明与全体网民水平相当，值越大偏好度越高，值越低说明越低于整体网民水平 1
20_raw_data/pdf/奥林匹克森林公园区域大数据分析报告-20241230-202512291772157987.pdf,page,199,1,24,37,22,0,A10人群画像分析-到访偏好-运动健身 运动健身 人群覆盖度 北京市大盘 TGI 综合体育场馆 7.29% 264 高尔夫场 6.78% 257 健身中心 5.05% 243 台球馆 4.08% 274 瑜伽 0.91% 383 游泳馆 0.89% 387 滑雪 0.70% 259 舞蹈 0.31% 454 羽毛球馆 0.28% 264 足球场 0.15% 401 注：TGI目标群体指数 公式为：人群该项标签值用户所占比例/全体网民该项
20_raw_data/pdf/奥林匹克森林公园区域大数据分析报告-20241230-202512291772157987.pdf,page,200,1,24,25,14,0,A10人群画像分析-到访偏好-汽车 汽车 人群覆盖度 北京市大盘 TGI 汽车销售 11.51% 230 汽车维修 6.46% 267 驾校 3.47% 251 车辆管理机构 2.72% 288 汽车租赁 1.84% 408 二手车交易市场 1.32% 325 注：TGI目标群体指数 公式为：人群该项标签值用户所占比例/全体网民该项标签值的比例*100。指数等于100说明与全体网民水平相当，值越大偏好度越高，值越低说明越低于整体网民水平
20_raw_data/pdf/奥林匹克森林公园区域大数据分析报告-20241230-202512291772157987.pdf,page,201,1,24,37,22,0,A10人群画像分析-APP偏好-生活 生活 人群覆盖度 北京市大盘 TGI 汽车服务 61.13% 119 生活服务 57.94% 109 配送 50.69% 108 家装 23.75% 115 美食 21.17% 118 食材 19.27% 122 买车 16.61% 125 招聘/求职 15.00% 121 票务 9.54% 152 租房 8.91% 106 注：TGI目标群体指数 公式为：人群该项标签值用户所占比例/全体网民该项标
20_raw_data/pdf/奥林匹克森林公园区域大数据分析报告-20241230-202512291772157987.pdf,page,202,1,24,37,22,0,A10人群画像分析-APP偏好-游戏 游戏 人群覆盖度 北京市大盘 TGI ACT-动作 31.88% 120 休闲益智 29.35% 98 好游快爆标签 23.02% 103 动作冒险 12.24% 93 特色标签 8.87% 104 其他 8.34% 89 休闲 3.62% 114 棋牌中心 3.52% 111 飞行/射击 2.96% 83 棋牌 1.73% 87 注：TGI目标群体指数 公式为：人群该项标签值用户所占比例/全体网民
20_raw_data/pdf/奥林匹克森林公园区域大数据分析报告-20241230-202512291772157987.pdf,page,203,1,24,37,22,0,A10人群画像分析-APP偏好-APP偏好大类 APP偏好大类 人群覆盖度 北京市大盘 TGI 社交 99.26% 100 系统 98.47% 100 购物 98.31% 100 工具 97.95% 100 出行 94.54% 103 视频 94.35% 101 生活 88.89% 105 理财 90.52% 102 办公 85.48% 104 音乐 85.13% 104 注：TGI目标群体指数 公式为：人群该项标签值用户所占比例/全体
20_raw_data/pdf/奥林匹克森林公园区域大数据分析报告-20241230-202512291772157987.pdf,page,204,1,24,25,14,0,A10人群画像分析-APP偏好-音乐 音乐 人群覆盖度 北京市大盘 TGI 在线音乐 56.53% 110 FM/电台 42.90% 112 K歌 12.47% 99 音乐播放器 4.70% 108 乐器 2.41% 126 铃声 0.14% 69 注：TGI目标群体指数 公式为：人群该项标签值用户所占比例/全体网民该项标签值的比例*100。指数等于100说明与全体网民水平相当，值越大偏好度越高，值越低说明越低于整体网民水平 62.45
20_raw_data/pdf/奥林匹克森林公园区域大数据分析报告-20241230-202512291772157987.pdf,page,205,1,24,19,10,0,A10人群画像分析-APP偏好-健康 健康 人群覆盖度 北京市大盘 TGI 医疗用药 21.38% 110 运动健身 11.81% 125 经期孕期 3.61% 132 健康养生 2.38% 123 注：TGI目标群体指数 公式为：人群该项标签值用户所占比例/全体网民该项标签值的比例*100。指数等于100说明与全体网民水平相当，值越大偏好度越高，值越低说明越低于整体网民水平 23.55% 14.78% 4.77% 2.93% 2024
20_raw_data/pdf/奥林匹克森林公园区域大数据分析报告-20241230-202512291772157987.pdf,page,206,1,24,37,22,0,A10人群画像分析-APP偏好-出行 出行 人群覆盖度 北京市大盘 TGI 地图 93.71% 104 火车/高铁 46.13% 124 打车拼车 36.55% 128 航班 20.06% 149 出行服务 22.11% 114 公交/地铁 12.35% 95 租车用车 8.04% 142 导航 0.78% 215 酒店信息 1.03% 149 大巴 0.21% 162 注：TGI目标群体指数 公式为：人群该项标签值用户所占比例/全体网
20_raw_data/pdf/奥林匹克森林公园区域大数据分析报告-20241230-202512291772157987.pdf,page,207,1,24,22,12,0,A10人群画像分析-APP偏好-旅游 旅游 人群覆盖度 北京市大盘 TGI 户外游 72.53% 105 旅游服务 50.17% 119 旅游攻略 2.33% 143 旅行住宿 1.79% 150 周边游 0.60% 148 注：TGI目标群体指数 公式为：人群该项标签值用户所占比例/全体网民该项标签值的比例*100。指数等于100说明与全体网民水平相当，值越大偏好度越高，值越低说明越低于整体网民水平 76.30% 59.83% 3.3
20_raw_data/pdf/奥林匹克森林公园区域大数据分析报告-20241230-202512291772157987.pdf,page,208,1,24,25,14,0,A10人群画像分析-APP偏好-摄影 摄影 人群覆盖度 北京市大盘 TGI 相机 63.68% 104 图片分享 19.79% 129 编辑美化 10.49% 104 相册/图库 2.40% 89 人像美化 0.62% 115 视频 0.24% 117 注：TGI目标群体指数 公式为：人群该项标签值用户所占比例/全体网民该项标签值的比例*100。指数等于100说明与全体网民水平相当，值越大偏好度越高，值越低说明越低于整体网民水平 66.
20_raw_data/pdf/奥林匹克森林公园区域大数据分析报告-20241230-202512291772157987.pdf,page,209,1,24,37,22,0,A10人群画像分析-APP偏好-系统 系统 人群覆盖度 北京市大盘 TGI 应用管理 96.19% 101 文件管理 86.56% 103 内存优化 63.37% 103 备份还原 51.60% 112 省电 43.36% 114 安全 25.98% 92 手机设置 8.23% 91 root 2.73% 80 智能连接 1.40% 122 垃圾清理 0.55% 79 注：TGI目标群体指数 公式为：人群该项标签值用户所占比例/全体网民
20_raw_data/pdf/奥林匹克森林公园区域大数据分析报告-20241230-202512291772157987.pdf,page,210,1,24,28,16,0,A10人群画像分析-APP偏好-教育 教育 人群覆盖度 北京市大盘 TGI 在线学堂 28.14% 125 语言学习 23.02% 119 家长学堂 15.43% 109 儿童教育 9.69% 119 考试 5.95% 120 行业知识 1.62% 116 出国留学 0.45% 145 注：TGI目标群体指数 公式为：人群该项标签值用户所占比例/全体网民该项标签值的比例*100。指数等于100说明与全体网民水平相当，值越大偏好度越高，值
20_raw_data/pdf/奥林匹克森林公园区域大数据分析报告-20241230-202512291772157987.pdf,page,211,1,24,22,12,0,A10人群画像分析-APP偏好-阅读 阅读 人群覆盖度 北京市大盘 TGI 新闻 72.42% 101 电子书 22.62% 116 内容媒体 21.40% 108 门户 5.74% 121 资讯 3.68% 136 注：TGI目标群体指数 公式为：人群该项标签值用户所占比例/全体网民该项标签值的比例*100。指数等于100说明与全体网民水平相当，值越大偏好度越高，值越低说明越低于整体网民水平 73.86% 26.41% 23.29% 
20_raw_data/pdf/奥林匹克森林公园区域大数据分析报告-20241230-202512291772157987.pdf,page,212,1,24,28,16,0,A10人群画像分析-APP偏好-理财 理财 人群覆盖度 北京市大盘 TGI 手机银行 77.64% 107 钱包 57.48% 104 投资 42.48% 113 借贷 17.26% 115 记账 8.45% 111 账户查询 5.58% 133 投注 0.41% 92 注：TGI目标群体指数 公式为：人群该项标签值用户所占比例/全体网民该项标签值的比例*100。指数等于100说明与全体网民水平相当，值越大偏好度越高，值越低说明越低于整
20_raw_data/pdf/奥林匹克森林公园区域大数据分析报告-20241230-202512291772157987.pdf,page,213,1,24,22,12,0,A10人群画像分析-APP偏好-视频 视频 人群覆盖度 北京市大盘 TGI 在线视频 92.24% 102 远程监控 28.51% 111 视频制作 23.51% 92 直播 6.15% 100 视频播放器 1.09% 117 注：TGI目标群体指数 公式为：人群该项标签值用户所占比例/全体网民该项标签值的比例*100。指数等于100说明与全体网民水平相当，值越大偏好度越高，值越低说明越低于整体网民水平 94.18% 31.74% 21
20_raw_data/pdf/奥林匹克森林公园区域大数据分析报告-20241230-202512291772157987.pdf,page,214,1,24,25,14,0,A10人群画像分析-APP偏好-社交 社交 人群覆盖度 北京市大盘 TGI 聊天/交友 99.21% 100 社区 30.03% 112 个性空间 23.26% 96 婚恋 1.64% 114 聊天工具 1.35% 103 直播 0.02% 110 注：TGI目标群体指数 公式为：人群该项标签值用户所占比例/全体网民该项标签值的比例*100。指数等于100说明与全体网民水平相当，值越大偏好度越高，值越低说明越低于整体网民水平 99.50
20_raw_data/pdf/奥林匹克森林公园区域大数据分析报告-20241230-202512291772157987.pdf,page,215,1,24,19,10,0,A10人群画像分析-APP偏好-健康 健康 人群覆盖度 北京市大盘 TGI 医疗用药 21.38% 141 运动健身 11.81% 140 经期孕期 3.61% 122 健康养生 2.38% 84 注：TGI目标群体指数 公式为：人群该项标签值用户所占比例/全体网民该项标签值的比例*100。指数等于100说明与全体网民水平相当，值越大偏好度越高，值越低说明越低于整体网民水平 30.24% 16.53% 4.43% 2.02% 20241
20_raw_data/pdf/奥林匹克森林公园区域大数据分析报告-20241230-202512291772157987.pdf,page,216,1,24,22,12,0,A10人群画像分析-APP偏好-音乐 音乐 人群覆盖度 北京市大盘 TGI 在线音乐 56.53% 116 FM/电台 42.90% 134 K歌 12.47% 87 音乐播放器 4.70% 94 乐器 2.41% 150 注：TGI目标群体指数 公式为：人群该项标签值用户所占比例/全体网民该项标签值的比例*100。指数等于100说明与全体网民水平相当，值越大偏好度越高，值越低说明越低于整体网民水平 66.13% 57.66% 10.8
20_raw_data/pdf/奥林匹克森林公园区域大数据分析报告-20241230-202512291772157987.pdf,page,217,1,24,37,22,0,A10人群画像分析-APP偏好-APP偏好大类 APP偏好大类 人群覆盖度 北京市大盘 TGI 社交 99.26% 100 系统 98.47% 100 购物 98.31% 100 工具 97.95% 100 出行 94.54% 101 视频 94.35% 101 办公 85.48% 111 生活 88.89% 104 理财 90.52% 102 音乐 85.13% 103 注：TGI目标群体指数 公式为：人群该项标签值用户所占比例/全体
20_raw_data/pdf/奥林匹克森林公园区域大数据分析报告-20241230-202512291772157987.pdf,page,218,1,24,19,10,0,A10人群画像分析-APP偏好-摄影 摄影 人群覆盖度 北京市大盘 TGI 相机 63.68% 109 图片分享 19.79% 158 编辑美化 10.49% 55 相册/图库 2.40% 134 注：TGI目标群体指数 公式为：人群该项标签值用户所占比例/全体网民该项标签值的比例*100。指数等于100说明与全体网民水平相当，值越大偏好度越高，值越低说明越低于整体网民水平 69.76% 31.45% 5.86% 3.23% 20241
20_raw_data/pdf/奥林匹克森林公园区域大数据分析报告-20241230-202512291772157987.pdf,page,219,1,24,37,22,0,A10人群画像分析-APP偏好-生活 生活 人群覆盖度 北京市大盘 TGI 汽车服务 61.13% 115 生活服务 57.94% 121 配送 50.69% 112 食材 19.27% 169 美食 21.17% 140 家装 23.75% 122 买车 16.61% 128 招聘/求职 15.00% 126 票务 9.54% 160 租房 8.91% 104 注：TGI目标群体指数 公式为：人群该项标签值用户所占比例/全体网民该项标
20_raw_data/pdf/奥林匹克森林公园区域大数据分析报告-20241230-202512291772157987.pdf,page,220,1,24,34,20,0,A10人群画像分析-APP偏好-游戏 游戏 人群覆盖度 北京市大盘 TGI ACT-动作 31.88% 136 休闲益智 29.35% 102 好游快爆标签 23.02% 93 特色标签 8.87% 122 动作冒险 12.24% 88 其他 8.34% 96 休闲 3.62% 189 棋牌中心 3.52% 80 飞行/射击 2.96% 95 注：TGI目标群体指数 公式为：人群该项标签值用户所占比例/全体网民该项标签值的比例*100。
20_raw_data/pdf/奥林匹克森林公园区域大数据分析报告-20241230-202512291772157987.pdf,page,221,1,24,22,12,0,A10人群画像分析-APP偏好-阅读 阅读 人群覆盖度 北京市大盘 TGI 新闻 72.42% 109 电子书 22.62% 176 内容媒体 21.40% 124 资讯 3.68% 241 门户 5.74% 147 注：TGI目标群体指数 公式为：人群该项标签值用户所占比例/全体网民该项标签值的比例*100。指数等于100说明与全体网民水平相当，值越大偏好度越高，值越低说明越低于整体网民水平 79.03% 39.92% 26.61% 
20_raw_data/pdf/奥林匹克森林公园区域大数据分析报告-20241230-202512291772157987.pdf,page,222,1,24,19,10,0,A10人群画像分析-APP偏好-视频 视频 人群覆盖度 北京市大盘 TGI 在线视频 92.24% 101 远程监控 28.51% 84 视频制作 23.51% 79 直播 6.15% 85 注：TGI目标群体指数 公式为：人群该项标签值用户所占比例/全体网民该项标签值的比例*100。指数等于100说明与全体网民水平相当，值越大偏好度越高，值越低说明越低于整体网民水平 93.95% 24.19% 18.75% 5.24% 2024123
20_raw_data/pdf/奥林匹克森林公园区域大数据分析报告-20241230-202512291772157987.pdf,page,223,1,24,28,16,0,A10人群画像分析-APP偏好-出行 出行 人群覆盖度 北京市大盘 TGI 地图 93.71% 102 火车/高铁 46.13% 131 打车拼车 36.55% 143 航班 20.06% 203 出行服务 22.11% 154 租车用车 8.04% 220 公交/地铁 12.35% 111 注：TGI目标群体指数 公式为：人群该项标签值用户所占比例/全体网民该项标签值的比例*100。指数等于100说明与全体网民水平相当，值越大偏好度越
20_raw_data/pdf/奥林匹克森林公园区域大数据分析报告-20241230-202512291772157987.pdf,page,224,1,24,34,20,0,A10人群画像分析-APP偏好-系统 系统 人群覆盖度 北京市大盘 TGI 应用管理 96.19% 101 文件管理 86.56% 102 内存优化 63.37% 109 省电 43.36% 131 备份还原 51.60% 107 安全 25.98% 72 手机设置 8.23% 75 root 2.73% 118 智能连接 1.40% 172 注：TGI目标群体指数 公式为：人群该项标签值用户所占比例/全体网民该项标签值的比例*100。
20_raw_data/pdf/奥林匹克森林公园区域大数据分析报告-20241230-202512291772157987.pdf,page,225,1,24,25,14,0,A10人群画像分析-APP偏好-理财 理财 人群覆盖度 北京市大盘 TGI 手机银行 77.64% 106 钱包 57.48% 113 投资 42.48% 127 借贷 17.26% 121 记账 8.45% 114 账户查询 5.58% 108 注：TGI目标群体指数 公式为：人群该项标签值用户所占比例/全体网民该项标签值的比例*100。指数等于100说明与全体网民水平相当，值越大偏好度越高，值越低说明越低于整体网民水平 83.06%
20_raw_data/pdf/奥林匹克森林公园区域大数据分析报告-20241230-202512291772157987.pdf,page,226,1,24,22,12,0,A10人群画像分析-APP偏好-教育 教育 人群覆盖度 北京市大盘 TGI 语言学习 23.02% 147 在线学堂 28.14% 118 家长学堂 15.43% 78 儿童教育 9.69% 100 考试 5.95% 74 注：TGI目标群体指数 公式为：人群该项标签值用户所占比例/全体网民该项标签值的比例*100。指数等于100说明与全体网民水平相当，值越大偏好度越高，值越低说明越低于整体网民水平 33.87% 33.47% 12.1
20_raw_data/pdf/奥林匹克森林公园区域大数据分析报告-20241230-202512291772157987.pdf,page,227,1,24,19,10,0,A10人群画像分析-APP偏好-旅游 旅游 人群覆盖度 北京市大盘 TGI 户外游 72.53% 115 旅游服务 50.17% 137 旅游攻略 2.33% 432 旅行住宿 1.79% 112 注：TGI目标群体指数 公式为：人群该项标签值用户所占比例/全体网民该项标签值的比例*100。指数等于100说明与全体网民水平相当，值越大偏好度越高，值越低说明越低于整体网民水平 83.87% 68.95% 10.08% 2.02% 2024
20_raw_data/pdf/奥林匹克森林公园区域大数据分析报告-20241230-202512291772157987.pdf,page,228,1,22,16,8,0,A10人群画像分析-APP偏好-社交 社交 人群覆盖度 北京市大盘 TGI 聊天/交友 99.21% 100 社区 30.03% 132 个性空间 23.26% 107 注：TGI目标群体指数 公式为：人群该项标签值用户所占比例/全体网民该项标签值的比例*100。指数等于100说明与全体网民水平相当，值越大偏好度越高，值越低说明越低于整体网民水平 100.00% 39.92% 25.00% 20241230-20251229期间到访“奥
20_raw_data/pdf/奥林匹克森林公园区域大数据分析报告-20241230-202512291772157987.pdf,page,229,1,24,37,22,0,A10人群画像分析-APP偏好-APP偏好大类 APP偏好大类 人群覆盖度 北京市大盘 TGI 社交 99.26% 100 系统 98.47% 100 购物 98.31% 100 工具 97.95% 100 出行 94.54% 103 视频 94.35% 101 生活 88.89% 105 理财 90.52% 102 办公 85.48% 104 音乐 85.13% 104 注：TGI目标群体指数 公式为：人群该项标签值用户所占比例/全体
20_raw_data/pdf/奥林匹克森林公园区域大数据分析报告-20241230-202512291772157987.pdf,page,230,1,24,37,22,0,A10人群画像分析-APP偏好-出行 出行 人群覆盖度 北京市大盘 TGI 地图 93.71% 104 火车/高铁 46.13% 124 打车拼车 36.55% 128 航班 20.06% 149 出行服务 22.11% 114 公交/地铁 12.35% 95 租车用车 8.04% 142 导航 0.78% 215 酒店信息 1.03% 149 大巴 0.21% 162 注：TGI目标群体指数 公式为：人群该项标签值用户所占比例/全体网
20_raw_data/pdf/奥林匹克森林公园区域大数据分析报告-20241230-202512291772157987.pdf,page,231,1,24,37,22,0,A10人群画像分析-APP偏好-购物 购物 人群覆盖度 北京市大盘 TGI 购物支付 91.18% 103 导购 92.69% 101 商城 91.43% 102 团购 73.07% 108 综合商场 42.44% 176 商业步行街 23.47% 195 家具家居建材 9.76% 253 图书音像 4.58% 291 数码家电 2.73% 305 体育户外 2.46% 317 注：TGI目标群体指数 公式为：人群该项标签值用户所占比例
20_raw_data/pdf/奥林匹克森林公园区域大数据分析报告-20241230-202512291772157987.pdf,page,232,1,24,22,12,0,A10人群画像分析-APP偏好-旅游 旅游 人群覆盖度 北京市大盘 TGI 户外游 72.53% 105 旅游服务 50.17% 119 旅游攻略 2.33% 142 旅行住宿 1.79% 150 周边游 0.60% 148 注：TGI目标群体指数 公式为：人群该项标签值用户所占比例/全体网民该项标签值的比例*100。指数等于100说明与全体网民水平相当，值越大偏好度越高，值越低说明越低于整体网民水平 76.29% 59.81% 3.3
20_raw_data/pdf/奥林匹克森林公园区域大数据分析报告-20241230-202512291772157987.pdf,page,233,1,24,37,22,0,A10人群画像分析-APP偏好-游戏 游戏 人群覆盖度 北京市大盘 TGI ACT-动作 31.88% 120 休闲益智 29.35% 98 好游快爆标签 23.02% 103 动作冒险 12.24% 93 特色标签 8.87% 104 其他 8.34% 89 休闲 3.62% 114 棋牌中心 3.52% 111 飞行/射击 2.96% 83 棋牌 1.73% 87 注：TGI目标群体指数 公式为：人群该项标签值用户所占比例/全体网民
20_raw_data/pdf/奥林匹克森林公园区域大数据分析报告-20241230-202512291772157987.pdf,page,234,1,24,22,12,0,A10人群画像分析-APP偏好-阅读 阅读 人群覆盖度 北京市大盘 TGI 新闻 72.42% 101 电子书 22.62% 116 内容媒体 21.40% 108 门户 5.74% 121 资讯 3.68% 136 注：TGI目标群体指数 公式为：人群该项标签值用户所占比例/全体网民该项标签值的比例*100。指数等于100说明与全体网民水平相当，值越大偏好度越高，值越低说明越低于整体网民水平 73.84% 26.38% 23.28% 
20_raw_data/pdf/奥林匹克森林公园区域大数据分析报告-20241230-202512291772157987.pdf,page,235,1,24,25,14,0,A10人群画像分析-APP偏好-摄影 摄影 人群覆盖度 北京市大盘 TGI 相机 63.68% 104 图片分享 19.79% 129 编辑美化 10.49% 104 相册/图库 2.40% 89 人像美化 0.62% 115 视频 0.24% 117 注：TGI目标群体指数 公式为：人群该项标签值用户所占比例/全体网民该项标签值的比例*100。指数等于100说明与全体网民水平相当，值越大偏好度越高，值越低说明越低于整体网民水平 66.
20_raw_data/pdf/奥林匹克森林公园区域大数据分析报告-20241230-202512291772157987.pdf,page,236,1,24,37,22,0,A10人群画像分析-APP偏好-系统 系统 人群覆盖度 北京市大盘 TGI 应用管理 96.19% 101 文件管理 86.56% 103 内存优化 63.37% 103 备份还原 51.60% 112 省电 43.36% 113 安全 25.98% 92 手机设置 8.23% 91 root 2.73% 80 智能连接 1.40% 122 垃圾清理 0.55% 79 注：TGI目标群体指数 公式为：人群该项标签值用户所占比例/全体网民
20_raw_data/pdf/奥林匹克森林公园区域大数据分析报告-20241230-202512291772157987.pdf,page,237,1,24,22,12,0,A10人群画像分析-APP偏好-视频 视频 人群覆盖度 北京市大盘 TGI 在线视频 92.24% 102 远程监控 28.51% 111 视频制作 23.51% 92 直播 6.15% 100 视频播放器 1.09% 117 注：TGI目标群体指数 公式为：人群该项标签值用户所占比例/全体网民该项标签值的比例*100。指数等于100说明与全体网民水平相当，值越大偏好度越高，值越低说明越低于整体网民水平 94.18% 31.75% 21
20_raw_data/pdf/奥林匹克森林公园区域大数据分析报告-20241230-202512291772157987.pdf,page,238,1,24,28,16,0,A10人群画像分析-APP偏好-教育 教育 人群覆盖度 北京市大盘 TGI 在线学堂 28.14% 125 语言学习 23.02% 119 家长学堂 15.43% 110 儿童教育 9.69% 119 考试 5.95% 120 行业知识 1.62% 116 出国留学 0.45% 145 注：TGI目标群体指数 公式为：人群该项标签值用户所占比例/全体网民该项标签值的比例*100。指数等于100说明与全体网民水平相当，值越大偏好度越高，值
20_raw_data/pdf/奥林匹克森林公园区域大数据分析报告-20241230-202512291772157987.pdf,page,239,1,24,37,22,0,A10人群画像分析-APP偏好-生活 生活 人群覆盖度 北京市大盘 TGI 汽车服务 61.13% 119 生活服务 57.94% 109 配送 50.69% 108 家装 23.75% 115 美食 21.17% 118 食材 19.27% 122 买车 16.61% 125 招聘/求职 15.00% 121 票务 9.54% 152 租房 8.91% 106 注：TGI目标群体指数 公式为：人群该项标签值用户所占比例/全体网民该项标
20_raw_data/pdf/奥林匹克森林公园区域大数据分析报告-20241230-202512291772157987.pdf,page,240,1,24,25,14,0,A10人群画像分析-APP偏好-音乐 音乐 人群覆盖度 北京市大盘 TGI 在线音乐 56.53% 110 FM/电台 42.90% 112 K歌 12.47% 99 音乐播放器 4.70% 108 乐器 2.41% 126 铃声 0.14% 69 注：TGI目标群体指数 公式为：人群该项标签值用户所占比例/全体网民该项标签值的比例*100。指数等于100说明与全体网民水平相当，值越大偏好度越高，值越低说明越低于整体网民水平 62.44
20_raw_data/pdf/奥林匹克森林公园区域大数据分析报告-20241230-202512291772157987.pdf,page,241,1,24,19,10,0,A10人群画像分析-APP偏好-健康 健康 人群覆盖度 北京市大盘 TGI 医疗用药 21.38% 110 运动健身 11.81% 125 经期孕期 3.61% 132 健康养生 2.38% 123 注：TGI目标群体指数 公式为：人群该项标签值用户所占比例/全体网民该项标签值的比例*100。指数等于100说明与全体网民水平相当，值越大偏好度越高，值越低说明越低于整体网民水平 23.54% 14.78% 4.77% 2.94% 2024
20_raw_data/pdf/奥林匹克森林公园区域大数据分析报告-20241230-202512291772157987.pdf,page,242,1,24,28,16,0,A10人群画像分析-APP偏好-理财 理财 人群覆盖度 北京市大盘 TGI 手机银行 77.64% 107 钱包 57.48% 104 投资 42.48% 112 借贷 17.26% 115 记账 8.45% 111 账户查询 5.58% 133 投注 0.41% 92 注：TGI目标群体指数 公式为：人群该项标签值用户所占比例/全体网民该项标签值的比例*100。指数等于100说明与全体网民水平相当，值越大偏好度越高，值越低说明越低于整
20_raw_data/pdf/奥林匹克森林公园区域大数据分析报告-20241230-202512291772157987.pdf,page,243,1,24,25,14,0,A10人群画像分析-APP偏好-社交 社交 人群覆盖度 北京市大盘 TGI 聊天/交友 99.21% 100 社区 30.03% 112 个性空间 23.26% 96 婚恋 1.64% 114 聊天工具 1.35% 103 直播 0.02% 110 注：TGI目标群体指数 公式为：人群该项标签值用户所占比例/全体网民该项标签值的比例*100。指数等于100说明与全体网民水平相当，值越大偏好度越高，值越低说明越低于整体网民水平 99.50
20_raw_data/pdf/奥林匹克森林公园区域大数据分析报告-20241230-202512291772157987.pdf,page,244,1,24,60,22,0,A10人群画像分析-设备偏好-手机价格（分段）v2 手机价格（分段）v2 占比 北京市大盘 TGI 2001-3000 18.37% 95 1001-2000 19.22% 76 4001-5000 10.70% 128 3001-4000 11.34% 105 5001-6000 8.65% 116 6001-7000 7.80% 114 >10000 9.42% 85 7001-8000 5.81% 126 9001-10000 4
20_raw_data/pdf/奥林匹克森林公园区域大数据分析报告-20241230-202512291772157987.pdf,page,245,1,24,46,22,0,A10人群画像分析-设备偏好-手机品牌细分 华为 VIVO OPPO 小米 红米 苹果 其他 荣耀 三星 魅族 0 5 10 15 20 25 30 35 40 手机品牌细分 占比 北京市大盘 TGI 华为 37.78% 30.95% 122 VIVO 15.81% 14.99% 105 OPPO 11.24% 10.87% 103 小米 10.59% 8.38% 126 红米 9.52% 10.31% 92 苹果 7.67% 16.6
20_raw_data/pdf/奥林匹克森林公园区域大数据分析报告-20241230-202512291772157987.pdf,page,246,1,24,43,20,0,A10人群画像分析-设备偏好-手机品牌细分 华为 苹果 VIVO 红米 小米 OPPO 其他 荣耀 三星 0 5 10 15 20 25 30 35 40 手机品牌细分 占比 北京市大盘 TGI 华为 37.23% 30.95% 120 苹果 14.09% 16.63% 84 VIVO 13.04% 14.99% 87 红米 9.81% 10.31% 95 小米 9.69% 8.38% 115 OPPO 8.91% 10.87% 81 
20_raw_data/pdf/奥林匹克森林公园区域大数据分析报告-20241230-202512291772157987.pdf,page,247,1,24,60,22,0,A10人群画像分析-设备偏好-手机价格（分段）v2 手机价格（分段）v2 占比 北京市大盘 TGI 2001-3000 18.37% 80 1001-2000 19.22% 74 >10000 9.42% 128 5001-6000 8.65% 123 3001-4000 11.34% 93 4001-5000 10.70% 98 6001-7000 7.80% 130 7001-8000 5.81% 132 9001-10000 4.
20_raw_data/pdf/奥林匹克森林公园区域大数据分析报告-20241230-202512291772157987.pdf,page,248,1,24,46,22,0,A10人群画像分析-设备偏好-手机品牌细分 华为 VIVO OPPO 小米 红米 苹果 其他 荣耀 三星 魅族 0 5 10 15 20 25 30 35 40 手机品牌细分 占比 北京市大盘 TGI 华为 37.79% 30.95% 122 VIVO 15.82% 14.99% 105 OPPO 11.24% 10.87% 103 小米 10.59% 8.38% 126 红米 9.52% 10.31% 92 苹果 7.65% 16.6
20_raw_data/pdf/奥林匹克森林公园区域大数据分析报告-20241230-202512291772157987.pdf,page,249,1,24,60,22,0,A10人群画像分析-设备偏好-手机价格（分段）v2 手机价格（分段）v2 占比 北京市大盘 TGI 2001-3000 18.37% 95 1001-2000 19.22% 76 4001-5000 10.70% 128 3001-4000 11.34% 105 5001-6000 8.65% 116 6001-7000 7.80% 114 >10000 9.42% 85 7001-8000 5.81% 126 9001-10000 4
20_raw_data/ppt/AI (1)(1).pptx,slide,2,,19,14,5,1,"核心结论速览 262万 年总客流 2023年度累计入园人次，高峰日达 20,182 人 60%+ 中青年主力客群 31–45 岁，本科及以上学历 55%，高消费人群 64.6% 10.45% 工作日餐饮触发率 日常消费场景严重缺失，咖啡厅人群覆盖度仅 1.35% 620万 预计年增收 总投资 380 万元，4 个轻资产改造点，回收期 7.3 个月 五大业态缺口：精品咖啡、亲子配套餐饮、夜间餐酒、文创纪念品、运动健康轻食——现有客流价值远"
20_raw_data/ppt/AI (1)(1).pptx,slide,3,,17,9,3,0,"客流与画像分析 客流核心指标 年总客流：2,623,050 人次 高峰日：20,182 人次 工作日日均：约 7,200 人次 峰值时段：12 时（3,130 人） 客源地 TOP 3 区县 占比 通州区 37.38% 朝阳区 17.47% 海淀区 3.86% 客源以通州本地家庭为核心，朝阳外溢白领为重要补充，形成高粘性、高消费潜力的复合客群结构。"
20_raw_data/ppt/AI (1)(1).pptx,slide,4,,22,24,8,1,消费者画像：关键指标 目标客群呈现出高学历、高收入、有车、已育的典型中产家庭特征，对品质消费有强烈需求，却在园内缺乏对应的消费出口。 维度 特征 TGI 年龄 31–35 岁为核心 142 性别 男性 61.7% 108 学历 本科 49.0% 105 婚育 已育 69.5% 141 有车率 76.8% 144 全国消费水平 高消费 64.6% 101 餐饮消费 101–150 元/次 120 咖啡厅偏好 覆盖度 1.35% 241 小
20_raw_data/ppt/AI (1)(1).pptx,slide,11,,13,28,1,2,投资与收益汇总 四大改造方案合计投入 380 万元，预计带动年公园收益增长 620 万元，综合加权回收期仅 7.3 个月。收益测算按基础租金加 12–15% 营业额分成保守估算。 改造方案 投资（万元） 年收益（万元） 回收期（月） 南门咖啡会客厅 120 180 8.0 博物馆湖畔餐厅 150 220 8.2 运河夜巷 80 150 6.4 森林运动补给站 30 70 5.1 合计 380 620 7.3 投资（万元） 年收益（万元）
20_raw_data/ppt/奥森修改稿0306.pptx,slide,4,,15,8,2,3,"第二章 现状全景：流量很大，转化很低 核心数字 3.4万 工作日日均到访 118 TGI消费指数 北京均值 1.18 倍 35% 实际消费转化率 现状收入 vs 理论上限 指标 数值 工作日理论收入上限 ¥353万/天 当前实际收入估算 ¥173万/天 转化率 仅49% 年收入估算（现状） 约¥7,900万/年 奥森的核心问题不是客流不足，而是消费场景缺失。游客有消费意愿，但找不到消费场所，大量消费外溢至新奥购物中心、北辰荟。"
20_raw_data/ppt/奥森修改稿0306.pptx,slide,5,,18,13,4,0,第三章 供需缺口：五大严重缺口 通过12类消费者行为决策树与园内现有业态对比分析，五大核心需求类别均处于需求强烈、供给几乎为零的严重失衡状态。 业态 需求强度 园内现状 缺口评级 ☕ 精品咖啡 TGI = 286 仅2家·位置偏角 🔴 P0最高 🧘 瑜伽/普拉提 TGI ≈ 382（估算） 0家 🔴 P0最高 🎁 文创纪念品 外地游客触发率55% 冰丝带1家·入口无 🔴 P0最高 🌙 夜间餐酒 17-22时流量占33% El Nido仅
20_raw_data/ppt/奥森修改稿0306.pptx,slide,6,,14,19,2,6,改造方案一 南园咖啡带 沿主跑道布局3-5个精品咖啡点，填补TGI=286的高需求缺口，将消费从园外竞品回流至园内。 选址逻辑 主跑道16-18时人流密度最高（工作日峰值区） 南园核心湖景区具备露台条件 现有漫咖啡在网球中心验证可行，仅需补点核心区 改造形式 集装箱改造店 × 3个（成本低、可移动） 标准店 × 1家（目的地锚点） 冷饮移动点 × 5个（跑道10km打卡处） 运营模式 引入 M Stand / 漫咖啡 / %ARABIC
20_raw_data/ppt/奥森修改稿0306.pptx,slide,7,,13,22,1,8,改造方案二 林间瑜伽馆 Z07区域引入1家品牌瑜伽馆，捕捉TGI≈382的精致女性客群，填补全园唯一空白的健康消费场景。 课程设计 晨间课 6:30-9:00 面向老年群体与健康践行者 傍晚课 18:00-20:00 面向科技白领与精致女性（下班后高频需求） 周末全日排课 覆盖亲子家庭与假日休闲客群 定价策略 单次体验课：¥55-108 月卡：¥680-980 联名会员卡（绑定跑步打卡权益） 投资拆解（约¥120万） 项目 金额 场地改
20_raw_data/ppt/奥森修改稿0306.pptx,slide,8,,13,20,3,9,"改造方案三 月色码头夜间经济 水岸夜间餐酒场景化改造，主打""下班后的森林微醺""，将17-22时占全天33%的夜间流量转化为消费增量。 场景设计 木栈道 + 投影水面 + 户外餐酒 2-3家品牌联营（轻食+酒水+甜品） 4-10月户外运营，11-3月转室内暖场 选址逻辑 月色码头紧邻南园水岸，El Nido 酒吧已在此区域验证客群；情侣夜间餐酒触发率55%，科技白领需求同样强烈。水岸夜景具备天然溢价条件。 投资拆解（约¥80万） 项目 金"
20_raw_data/ppt/奥森修改稿0306.pptx,slide,9,,20,51,6,33,第五章 财务测算：公园端收益口径·保守估算含敏感性分析 基准假设 工作日：250天/年，日均到访3.4万人 节假日：115天/年，日均到访8-10万人 消费者占比：35%（有实际消费行为） 触发率：来自12类消费者行为决策树实测参数 P0改造后收入变化 改造项 公园当前日收益 公园优化后日收益 日增量 年增收入 ☕ 精品咖啡 ¥0.48万 ¥1.71万 +¥0.45万 +¥450万 🥤 冷饮茶饮 ¥0.30万 ¥0.85万 +¥0.55
20_raw_data/ppt/奥森修改稿0306.pptx,slide,10,,17,13,3,8,"年度收入对比：现状 vs P0优化后 现状 P0优化后 关键对比数据 指标 现状 P0优化后 增幅 工作日日收入 ¥21.6万 ¥25.5万 +18% 节假日日收入 ¥38.9万 ¥43.9万 +18% 年度总收入 ¥7,900万 ¥9,330万 +18% 5项改造总投入 — ¥350万 — 综合回收期 — 约2.9个月 — 以上为保守估算，不含P1（餐饮改造）、P2（商务接待升级）叠加效应。全部改造完成后，年收入增量预计超过 ¥1,5"
