candidate_id,park_id,park_name,amap_poi_id,poi_name,standard_categories,amap_keywords,amap_type,amap_typecode,address,business_area,longitude,latitude,min_distance_m,distance_band,rating,cost_yuan,opentime_today,opentime_week,tel,source_query_ids,pdf_seed_match_status,pdf_seed_poi_record_ids,pdf_seed_poi_names,in_park_status,validation_status,confidence,notes
AMAP-POI-0001,sample_city_green_heart,城市绿心森林公园,B0FFG65CN4,易捷便利店(中国石化暖风加油站店),convenience_retail,便利店,购物服务;便民商店/便利店;便民商店/便利店,060200,星月泡沫北门西210米,张家湾,116.721637,39.862327,1291,1001-1500m,3.7,,24小时营业,周一至周日 00:00-24:00,010-69573705,cg_convenience,not_in_pdf_seed,,,needs_boundary_filter,api_returned_needs_boundary_filter,medium,按公园和高德 POI ID 去重；仍需公园边界/入口节点过滤和现场营业核验。
AMAP-POI-0002,sample_city_green_heart,城市绿心森林公园,B0HUA54VCM,SP上品鲜生上品便利店,convenience_retail,便利店,购物服务;便民商店/便利店;便民商店/便利店,060200,城市绿心活力汇西南门东南140米,张家湾,116.719120,39.867642,830,501-1000m,3.9,,08:00-21:30,周一至周日 08:00-21:30,18221078401,cg_convenience,not_in_pdf_seed,,,needs_boundary_filter,api_returned_needs_boundary_filter,medium,按公园和高德 POI ID 去重；仍需公园边界/入口节点过滤和现场营业核验。
AMAP-POI-0003,sample_city_green_heart,城市绿心森林公园,B0I62DFQB4,童星屋游乐场,convenience_retail,便利店,体育休闲服务;休闲场所;游乐场|购物服务;购物相关场所;购物相关场所,080501|060000,绿心公园p11停车场向西100米,张家湾,116.717717,39.866227,1028,1001-1500m,4.2,,09:30-20:00,周一至周日 09:30-20:00,13212123696,cg_convenience,not_in_pdf_seed,,,needs_boundary_filter,api_returned_needs_boundary_filter,medium,按公园和高德 POI ID 去重；仍需公园边界/入口节点过滤和现场营业核验。
AMAP-POI-0004,sample_city_green_heart,城市绿心森林公园,B0KALBDUJY,绿芯栈咖啡,coffee;cold_drink,咖啡;冷饮,餐饮服务;咖啡厅;咖啡厅,050500,绿心路1号院3号楼北京城市图书馆二层,,116.715067,39.884010,1424,1001-1500m,4.1,33.00,10:00-20:00,周二至周日 10:00-20:00,13601209620,cg_coffee;cg_cold_drink,not_in_pdf_seed,,,needs_boundary_filter,api_returned_needs_boundary_filter,medium,按公园和高德 POI ID 去重；仍需公园边界/入口节点过滤和现场营业核验。
AMAP-POI-0005,sample_city_green_heart,城市绿心森林公园,B0KK09EIAA,喜茶(北京通州三大馆店),cold_drink,冷饮,餐饮服务;冷饮店;冷饮店,050700,滨河中路22号DPONE源心b1-057喜茶,,116.714336,39.881997,1293,1001-1500m,4.4,20.00,10:00-21:00,周一至周日 10:00-21:00,15011236705,cg_cold_drink,not_in_pdf_seed,,,needs_boundary_filter,api_returned_needs_boundary_filter,medium,按公园和高德 POI ID 去重；仍需公园边界/入口节点过滤和现场营业核验。
AMAP-POI-0006,sample_city_green_heart,城市绿心森林公园,B0KK2Z648N,肯德基(上码头路店),fast_food,小吃快餐,餐饮服务;快餐厅;肯德基,050301,城市副中心绿心源·心项目的B1-075号铺位,,116.714309,39.882493,1335,1001-1500m,4.4,29.00,10:00-20:30,周一至周日 10:00-20:30,18010428609,cg_fast_food,not_in_pdf_seed,,,needs_boundary_filter,api_returned_needs_boundary_filter,medium,按公园和高德 POI ID 去重；仍需公园边界/入口节点过滤和现场营业核验。
AMAP-POI-0007,sample_city_green_heart,城市绿心森林公园,B0KK3HHAAB,爷爷不泡茶(北京通州源·心店),cold_drink,冷饮,餐饮服务;餐饮相关场所;餐饮相关,050000,滨河中路22号DPOne源•心B1-067号,,116.714485,39.882130,1295,1001-1500m,4.4,20.00,09:30-21:30,周一至周日 09:30-21:30,18101075828,cg_cold_drink,not_in_pdf_seed,,,needs_boundary_filter,api_returned_needs_boundary_filter,medium,按公园和高德 POI ID 去重；仍需公园边界/入口节点过滤和现场营业核验。
AMAP-POI-0008,sample_city_green_heart,城市绿心森林公园,B0L67C0G79,张拉拉手撕牛肉面,fast_food,小吃快餐,餐饮服务;餐饮相关场所;餐饮相关,050000,绿心路1号院6号-1层B1-066号,,116.714966,39.882037,1259,1001-1500m,4.2,29.00,11:00-19:30,周一至周日 11:00-19:30,13260156910,cg_fast_food,not_in_pdf_seed,,,needs_boundary_filter,api_returned_needs_boundary_filter,medium,按公园和高德 POI ID 去重；仍需公园边界/入口节点过滤和现场营业核验。
AMAP-POI-0009,sample_city_green_heart,城市绿心森林公园,B0L6HCI1CR,三元梅园(源心店),cold_drink,冷饮,餐饮服务;甜品店;甜品店,050900,北京城区上码头路DPOne源心商业负一层074号,,116.714456,39.882090,1293,1001-1500m,4.0,24.00,10:00-22:00,周一至周日 10:00-22:00,13071125369,cg_cold_drink,not_in_pdf_seed,,,needs_boundary_filter,api_returned_needs_boundary_filter,medium,按公园和高德 POI ID 去重；仍需公园边界/入口节点过滤和现场营业核验。
AMAP-POI-0010,sample_city_green_heart,城市绿心森林公园,B0L6HCI1K7,陆记金圣生滚牛肉面(D.P.ONE源心店),fast_food,小吃快餐,餐饮服务;中餐厅;中餐厅,050100,张家湾镇绿心路1号院6号B1层59号,,116.714421,39.882190,1303,1001-1500m,3.9,36.00,11:00-20:30,周二至周日 11:00-20:30,15712898582,cg_fast_food,not_in_pdf_seed,,,needs_boundary_filter,api_returned_needs_boundary_filter,medium,按公园和高德 POI ID 去重；仍需公园边界/入口节点过滤和现场营业核验。
AMAP-POI-0011,sample_city_green_heart,城市绿心森林公园,B0L6P7DCSU,爷爷不泡茶NOYEYENOTEA(北京通州源·心店),cold_drink,冷饮,餐饮服务;休闲餐饮场所;休闲餐饮场所,050400,滨河中路22号DPOne源•心B1-067号,,116.714525,39.882125,1292,1001-1500m,4.2,13.00,09:30-21:30,周一至周日 09:30-21:30,18101075828,cg_cold_drink,not_in_pdf_seed,,,needs_boundary_filter,api_returned_needs_boundary_filter,medium,按公园和高德 POI ID 去重；仍需公园边界/入口节点过滤和现场营业核验。
AMAP-POI-0012,sample_city_green_heart,城市绿心森林公园,B0L6YOTDL3,东田越南粉(北京通州DPONE源心广场店),fast_food,小吃快餐,餐饮服务;外国餐厅;外国餐厅,050200,上码头路D·P·One源·心负1层B1-065B号,,116.714625,39.883375,1391,1001-1500m,4.3,68.00,11:00-20:00,周一至周日 11:00-20:00,010-80272899,cg_fast_food,not_in_pdf_seed,,,needs_boundary_filter,api_returned_needs_boundary_filter,medium,按公园和高德 POI ID 去重；仍需公园边界/入口节点过滤和现场营业核验。
AMAP-POI-0013,sample_city_green_heart,城市绿心森林公园,B0LA5SQE15,棒约翰比萨(北京绿心公园店),fast_food,小吃快餐,餐饮服务;快餐厅;快餐厅,050300,永顺镇北京城市图书馆DPOne源·心商场(上码头路与惠林路交叉口)B1层-068号,,116.714475,39.882179,1299,1001-1500m,4.3,55.00,10:00-22:00,周一至周日 10:00-22:00,15010162383,cg_fast_food,not_in_pdf_seed,,,needs_boundary_filter,api_returned_needs_boundary_filter,medium,按公园和高德 POI ID 去重；仍需公园边界/入口节点过滤和现场营业核验。
AMAP-POI-0014,sample_city_green_heart,城市绿心森林公园,B0LB7DEX6I,必胜客(惠林路店),fast_food,小吃快餐,餐饮服务;快餐厅;必胜客,050303,北京城区城市副中心绿心源心项目的B1-053号,,116.714196,39.881964,1299,1001-1500m,4.4,,09:30-20:00,周一至周日 09:30-20:00,18010479007,cg_fast_food,not_in_pdf_seed,,,needs_boundary_filter,api_returned_needs_boundary_filter,medium,按公园和高德 POI ID 去重；仍需公园边界/入口节点过滤和现场营业核验。
AMAP-POI-0015,sample_city_green_heart,城市绿心森林公园,B0LBNLTLX6,米村拌饭(通州源心店),fast_food,小吃快餐,餐饮服务;中餐厅;中餐厅,050100,北京城区绿心路1号院6号-1层B1-064号(下扶梯右转2号门进去),,116.714174,39.882018,1304,1001-1500m,4.6,37.00,10:00-20:00,周一至周日 10:00-20:00,15936065827,cg_fast_food,not_in_pdf_seed,,,needs_boundary_filter,api_returned_needs_boundary_filter,medium,按公园和高德 POI ID 去重；仍需公园边界/入口节点过滤和现场营业核验。
AMAP-POI-0016,sample_city_green_heart,城市绿心森林公园,B0LRHZ82NP,梦奥体育,sports_supply,运动装备,体育休闲服务;体育休闲服务场所;体育休闲服务场所,080000,绿心路与运兴路交叉口西北200米,张家湾,116.719038,39.868211,784,501-1000m,2.5,,,,,cg_sports_supply,not_in_pdf_seed,,,needs_boundary_filter,api_returned_needs_boundary_filter,medium,按公园和高德 POI ID 去重；仍需公园边界/入口节点过滤和现场营业核验。
AMAP-POI-0017,sample_olympic_forest,奥林匹克森林公园,B000A2B35D,上州屋户外用品(华馨公寓店),sports_supply,运动装备,购物服务;专卖店;专营店|公司企业;公司;公司,061200|170200,大屯路路北辅路(安立路地铁站A1西北口步行400米),北辰,116.402326,40.002837,1960,1501-3000m,4.2,,08:30-17:00,周一至周日 08:30-17:00,010-64981698,os_sports_supply,not_in_pdf_seed,,,needs_boundary_filter,api_returned_needs_boundary_filter,medium,按公园和高德 POI ID 去重；仍需公园边界/入口节点过滤和现场营业核验。
AMAP-POI-0018,sample_olympic_forest,奥林匹克森林公园,B000A805VN,好邻居便利店(北沙滩店),convenience_retail,便利店,购物服务;便民商店/便利店;便民商店/便利店,060200,科学园南里风林绿洲6-2号,北辰,116.384057,40.001695,2008,1501-3000m,4.2,,24小时营业,周一至周日 00:00-24:00,010-64839699,os_convenience,not_in_pdf_seed,,,needs_boundary_filter,api_returned_needs_boundary_filter,medium,按公园和高德 POI ID 去重；仍需公园边界/入口节点过滤和现场营业核验。
AMAP-POI-0019,sample_olympic_forest,奥林匹克森林公园,B000A85FZ1,中灿便利店,convenience_retail,便利店,购物服务;便民商店/便利店;便民商店/便利店,060200,安立路58号中灿苑,北辰,116.410425,40.007425,1995,1501-3000m,3.5,,08:30-20:00,周一至周日 08:30-20:00,,os_convenience,not_in_pdf_seed,,,needs_boundary_filter,api_returned_needs_boundary_filter,medium,按公园和高德 POI ID 去重；仍需公园边界/入口节点过滤和现场营业核验。
AMAP-POI-0020,sample_olympic_forest,奥林匹克森林公园,B000A8UOVR,马哥孛罗咖啡厅(安立路),coffee,咖啡,餐饮服务;咖啡厅;咖啡厅,050500,安立路78号马哥孛罗大酒店B1楼,亚运村,116.408756,40.005393,2043,1501-3000m,4.2,176.00,06:30-10:00 11:30-14:00 17:30-21:30,"周一至周日 06:30-10:00,11:30-14:00,17:30-21:30",010-59636420;010-59636688,os_coffee,not_in_pdf_seed,,,needs_boundary_filter,api_returned_needs_boundary_filter,medium,按公园和高德 POI ID 去重；仍需公园边界/入口节点过滤和现场营业核验。
AMAP-POI-0021,sample_olympic_forest,奥林匹克森林公园,B000A8WEGC,星巴克(北辰世纪中心店),tea_drink,茶饮,餐饮服务;咖啡厅;星巴克咖啡,050501,北京城区北京城区北辰西路8号院3号楼B座北辰世纪中心首层109单元,北辰,116.387790,39.999223,2192,1501-3000m,4.6,30.00,07:00-21:30,周一至周日 07:00-21:30,010-84370795,os_tea,not_in_pdf_seed,,,needs_boundary_filter,api_returned_needs_boundary_filter,medium,按公园和高德 POI ID 去重；仍需公园边界/入口节点过滤和现场营业核验。
AMAP-POI-0022,sample_olympic_forest,奥林匹克森林公园,B000A8X8YN,高烧工房总店(中华高尔夫),sports_supply,运动装备,购物服务;体育用品店;户外用品,060907,科荟路名苑雅居小区底商高烧工房,二里庄,116.371970,40.009507,1998,1501-3000m,4.5,,10:00-18:00,周一至周日 10:00-18:00,15001024811,os_sports_supply,not_in_pdf_seed,,,needs_boundary_filter,api_returned_needs_boundary_filter,medium,按公园和高德 POI ID 去重；仍需公园边界/入口节点过滤和现场营业核验。
AMAP-POI-0023,sample_olympic_forest,奥林匹克森林公园,B000A8XA9U,7-ELEVEn(国奥中心店),convenience_retail,便利店,购物服务;便民商店/便利店;7-ELEVEn便利店,060201,林萃东路2号院甲3号楼1层108,北辰,116.381422,40.009174,1395,1001-1500m,4.2,,24小时营业,周一至周日 00:00-24:00,13426063577,os_convenience,not_in_pdf_seed,,,needs_boundary_filter,api_returned_needs_boundary_filter,medium,按公园和高德 POI ID 去重；仍需公园边界/入口节点过滤和现场营业核验。
AMAP-POI-0024,sample_olympic_forest,奥林匹克森林公园,B000A8XB4Y,眉州小吃(国奥村店),fast_food,小吃快餐,餐饮服务;中餐厅;中餐厅,050100,林萃东路1号国奥中心A座F1层,北辰,116.381366,40.008694,1439,1001-1500m,4.6,32.00,06:00-22:00,周一至周日 06:00-22:00,15984310729;16619970588,os_fast_food,not_in_pdf_seed,,,needs_boundary_filter,api_returned_needs_boundary_filter,medium,按公园和高德 POI ID 去重；仍需公园边界/入口节点过滤和现场营业核验。
AMAP-POI-0025,sample_olympic_forest,奥林匹克森林公园,B000A9DPF9,中奥凯富国际酒店咖啡厅,coffee,咖啡,餐饮服务;咖啡厅;咖啡厅,050500,慧忠北里302号中奥凯富国际酒店3层,北辰,116.406725,40.005025,1959,1501-3000m,3.9,145.00,11:30-14:00 17:30-21:30,"周一至周日 11:30-14:00,17:30-21:30",010-59636699,os_coffee,not_in_pdf_seed,,,needs_boundary_filter,api_returned_needs_boundary_filter,medium,按公园和高德 POI ID 去重；仍需公园边界/入口节点过滤和现场营业核验。
AMAP-POI-0026,sample_olympic_forest,奥林匹克森林公园,B000A9JN28,加加游(奥森店),fast_food,小吃快餐,餐饮服务;快餐厅;快餐厅,050300,科荟路33号奥林匹克森林公园南园南门入口东侧,,116.393433,40.011695,780,501-1000m,4.2,20.00,07:00-21:00,周一至周日 07:00-21:00,18686818172,os_fast_food,not_in_pdf_seed,,,needs_boundary_filter,api_returned_needs_boundary_filter,medium,按公园和高德 POI ID 去重；仍需公园边界/入口节点过滤和现场营业核验。
AMAP-POI-0027,sample_olympic_forest,奥林匹克森林公园,B000A9PR0P,动力基因网羽专卖(奥运村店),sports_supply,运动装备,购物服务;家居建材市场;布艺市场,060605,林翠路京师园小区3-6底商,林萃,116.373731,40.017425,1576,1501-3000m,4.4,,10:00-18:00,周一至周日 10:00-18:00,13522596534,os_sports_supply,not_in_pdf_seed,,,needs_boundary_filter,api_returned_needs_boundary_filter,medium,按公园和高德 POI ID 去重；仍需公园边界/入口节点过滤和现场营业核验。
AMAP-POI-0028,sample_olympic_forest,奥林匹克森林公园,B000AA1BGG,星巴克(北京天畅园咖啡店),tea_drink,茶饮,餐饮服务;咖啡厅;星巴克咖啡,050501,北京城区北京城区北苑路34号天畅园7号楼1层108号,北苑,116.416016,40.033104,2594,1501-3000m,4.6,30.00,07:00-20:30,周一至周日 07:00-20:30,010-84828823,os_tea,not_in_pdf_seed,,,needs_boundary_filter,api_returned_needs_boundary_filter,medium,按公园和高德 POI ID 去重；仍需公园边界/入口节点过滤和现场营业核验。
AMAP-POI-0029,sample_olympic_forest,奥林匹克森林公园,B000AA1DOY,苏摩瑜伽(安立路店),yoga_pilates,瑜伽,体育休闲服务;运动场馆;健身中心,080111,安立路66安立写字楼B座(安立路地铁站B东北口步行100米),北辰,116.408303,40.003553,2171,1501-3000m,3.0,,,,010-64907821,os_yoga,not_in_pdf_seed,,,needs_boundary_filter,api_returned_needs_boundary_filter,medium,按公园和高德 POI ID 去重；仍需公园边界/入口节点过滤和现场营业核验。
AMAP-POI-0030,sample_olympic_forest,奥林匹克森林公园,B000AA3W5B,优个网直营店,sports_supply,运动装备,购物服务;体育用品店;体育用品店,060900,第五大道日购商城3层新华书店内(安立路地铁站A2西北口旁),北辰,116.406425,40.003025,2121,1501-3000m,4.1,,09:00-19:30,周一至周五 09:00-19:30；周六至周日 09:00-18:00,010-64804588;4000996400,os_sports_supply,not_in_pdf_seed,,,needs_boundary_filter,api_returned_needs_boundary_filter,medium,按公园和高德 POI ID 去重；仍需公园边界/入口节点过滤和现场营业核验。
AMAP-POI-0031,sample_olympic_forest,奥林匹克森林公园,B0FFF3O6ID,中国科学技术馆-观众餐厅,restaurant,餐厅,餐饮服务;中餐厅;中餐厅,050100,北辰东路5号中国科学技术馆内,北辰,116.398478,40.006021,1504,1501-3000m,4.2,47.00,09:00-17:00,周二至周日 09:00-17:00,010-59041000,os_restaurant,not_in_pdf_seed,,,needs_boundary_filter,api_returned_needs_boundary_filter,medium,按公园和高德 POI ID 去重；仍需公园边界/入口节点过滤和现场营业核验。
AMAP-POI-0032,sample_olympic_forest,奥林匹克森林公园,B0FFF65ON3,静馨瑜伽(北苑路北店),yoga_pilates,瑜伽;普拉提,体育休闲服务;运动场馆;健身中心,080111,林萃东路2号院国奥中心三层,北辰,116.381678,40.009541,1350,1001-1500m,4.4,102.00,08:30-21:00,周一至周日 08:30-21:00,18601978866,os_yoga;os_pilates,not_in_pdf_seed,,,needs_boundary_filter,api_returned_needs_boundary_filter,medium,按公园和高德 POI ID 去重；仍需公园边界/入口节点过滤和现场营业核验。
AMAP-POI-0033,sample_olympic_forest,奥林匹克森林公园,B0FFF6X7AP,COSTA COFFEE(北投新奥购物中心店),coffee,咖啡,餐饮服务;咖啡厅;咖啡厅,050500,湖景东路9号北投新奥购物中心B区H1层H1-93-02,北辰,116.394255,40.000206,2059,1501-3000m,4.6,34.00,08:00-22:00,周一至周日 08:00-22:00,010-84378772,os_coffee,not_in_pdf_seed,,,needs_boundary_filter,api_returned_needs_boundary_filter,medium,按公园和高德 POI ID 去重；仍需公园边界/入口节点过滤和现场营业核验。
AMAP-POI-0034,sample_olympic_forest,奥林匹克森林公园,B0FFFD24NW,孔雀花园餐厅,restaurant,餐厅,餐饮服务;外国餐厅;西餐厅(综合风味),050201,紫玉东路一号紫玉山庄内的餐厅停车场,,116.410017,40.011455,1719,1501-3000m,4.6,366.00,11:00-21:00 11:00-21:00,周一至周日 11:00-21:00 2026-05-01至2026-05-05 周一至周日 11:00-21:00,13810814773,os_restaurant,not_in_pdf_seed,,,needs_boundary_filter,api_returned_needs_boundary_filter,medium,按公园和高德 POI ID 去重；仍需公园边界/入口节点过滤和现场营业核验。
AMAP-POI-0035,sample_olympic_forest,奥林匹克森林公园,B0FFFH0AYS,LAWSON罗森(北投新奥购物中心店),convenience_retail,便利店,购物服务;便民商店/便利店;便民商店/便利店,060200,天辰东路8-10-12号B5区域,北辰,116.392461,40.000081,2065,1501-3000m,4.5,,06:00-23:00,周一至周日 06:00-23:00,010-84374563;13910240318;4008206390,os_convenience,not_in_pdf_seed,,,needs_boundary_filter,api_returned_needs_boundary_filter,medium,按公园和高德 POI ID 去重；仍需公园边界/入口节点过滤和现场营业核验。
AMAP-POI-0036,sample_olympic_forest,奥林匹克森林公园,B0FFGB2XII,心地瑜伽(亚运村店),yoga_pilates,瑜伽,体育休闲服务;运动场馆;健身中心,080111,大屯北路与安立路辅路交叉口东120米,亚运村,116.409625,40.005425,2092,1501-3000m,4.6,145.00,07:30-21:30,周一至周五 07:30-21:30；周六至周日 08:00-20:30,010-64827566,os_yoga,not_in_pdf_seed,,,needs_boundary_filter,api_returned_needs_boundary_filter,medium,按公园和高德 POI ID 去重；仍需公园边界/入口节点过滤和现场营业核验。
AMAP-POI-0037,sample_olympic_forest,奥林匹克森林公园,B0FFGDK7D2,国家会议中心大酒店-咖啡厅,coffee,咖啡,餐饮服务;咖啡厅;咖啡厅,050500,北辰西路8号院1号楼国家会议中心大酒店2层,北辰,116.388033,40.001609,1927,1501-3000m,3.9,76.00,06:30-22:00,周一至周日 06:30-22:00,010-84372008,os_coffee,not_in_pdf_seed,,,needs_boundary_filter,api_returned_needs_boundary_filter,medium,按公园和高德 POI ID 去重；仍需公园边界/入口节点过滤和现场营业核验。
AMAP-POI-0038,sample_olympic_forest,奥林匹克森林公园,B0FFGFEPKR,星巴克(陈家营西路店),tea_drink,茶饮,餐饮服务;咖啡厅;星巴克咖啡,050501,北京城区北京城区陈家营西路3号院23号楼招商嘉铭珑原商业楼1层101-2单元,东小口,116.401328,40.040615,2568,1501-3000m,4.6,30.00,07:00-18:00,周一至周日 07:00-18:00,010-64696320,os_tea,not_in_pdf_seed,,,needs_boundary_filter,api_returned_needs_boundary_filter,medium,按公园和高德 POI ID 去重；仍需公园边界/入口节点过滤和现场营业核验。
AMAP-POI-0039,sample_olympic_forest,奥林匹克森林公园,B0FFGJOSNQ,来跑吧运动服务中心(奥森店),sports_supply,运动装备,购物服务;体育用品店;体育用品店,060900,奥林匹克森林公园南园(东南角),,116.396698,40.010826,951,501-1000m,4.2,,08:00-21:00,周一至周日 08:00-21:00,010-64529385,os_sports_supply,not_in_pdf_seed,,,needs_boundary_filter,api_returned_needs_boundary_filter,medium,按公园和高德 POI ID 去重；仍需公园边界/入口节点过滤和现场营业核验。
AMAP-POI-0040,sample_olympic_forest,奥林匹克森林公园,B0FFH270NP,北京奥林匹克公园中心区综合服务站便利店(科荟路店),convenience_retail,便利店,购物服务;便民商店/便利店;便民商店/便利店,060200,奥林匹克公园科荟路1号站,鸟巢,116.392759,40.009864,977,501-1000m,3.9,,06:00-22:00,周一至周日 06:00-22:00,,os_convenience,not_in_pdf_seed,,,needs_boundary_filter,api_returned_needs_boundary_filter,medium,按公园和高德 POI ID 去重；仍需公园边界/入口节点过滤和现场营业核验。
AMAP-POI-0041,sample_olympic_forest,奥林匹克森林公园,B0FFH8HO4I,心都瑜伽(宝盛里店),yoga_pilates,普拉提,体育休闲服务;运动场馆;健身中心,080111,宝盛里中关村智诚科创大厦4层417号,清河,116.370520,40.037413,2787,1501-3000m,4.2,140.00,09:00-21:00,周一至周日 09:00-21:00,15701313221,os_pilates,not_in_pdf_seed,,,needs_boundary_filter,api_returned_needs_boundary_filter,medium,按公园和高德 POI ID 去重；仍需公园边界/入口节点过滤和现场营业核验。
AMAP-POI-0042,sample_olympic_forest,奥林匹克森林公园,B0FFHC513F,月色码头·啤酒花园(新奥购物中心店),restaurant,餐厅,餐饮服务;中餐厅;中餐厅,050100,北辰东路15号(奥林匹克公园地铁站D东南口步行90米),北辰,116.394289,40.000573,2018,1501-3000m,4.5,109.00,16:00-02:00,周一至周日 16:00-02:00,18612037563,os_restaurant,not_in_pdf_seed,,,needs_boundary_filter,api_returned_needs_boundary_filter,medium,按公园和高德 POI ID 去重；仍需公园边界/入口节点过滤和现场营业核验。
AMAP-POI-0043,sample_olympic_forest,奥林匹克森林公园,B0FFHCE2HY,肯德基(大屯路店),fast_food,小吃快餐,餐饮服务;快餐厅;快餐厅,050300,北京城区3B号朝阳区北辰东路与大屯路交叉口西侧地下B1夹层与B1层B01M-03A&B01-03B号,北辰,116.399394,40.002932,1853,1501-3000m,4.5,36.00,08:00-22:00,周六至周日 10:00-22:00；周一至周五 08:00-22:00,18101221303,os_fast_food,not_in_pdf_seed,,,needs_boundary_filter,api_returned_needs_boundary_filter,medium,按公园和高德 POI ID 去重；仍需公园边界/入口节点过滤和现场营业核验。
AMAP-POI-0044,sample_olympic_forest,奥林匹克森林公园,B0FFHFXOWW,大成仓网羽(国网南区店),sports_supply,运动装备,购物服务;体育用品店;体育用品店,060900,林萃路2号奥林匹克森林公园南园(网球馆A馆/K区前台旁边),鸟巢,116.376539,40.011575,1546,1501-3000m,4.4,,09:00-20:00,周六至周日 09:00-20:00；周一至周五 13:00-20:00,18501070730,os_sports_supply,not_in_pdf_seed,,,needs_boundary_filter,api_returned_needs_boundary_filter,medium,按公园和高德 POI ID 去重；仍需公园边界/入口节点过滤和现场营业核验。
AMAP-POI-0045,sample_olympic_forest,奥林匹克森林公园,B0FFHOC9PO,特步跑步俱乐部(奥林匹克森林公园店),sports_supply,运动装备,购物服务;体育用品店;体育用品店,060900,科荟路奥林匹克森林公园内(南侧),鸟巢,116.391624,40.011638,780,501-1000m,4.5,,06:30-21:30,周一至周日 06:30-21:30,010-64529381,os_sports_supply,matched_pdf_seed,POI-0020,跑步俱乐部(奥林匹克森林公园店),needs_boundary_filter,api_returned_needs_boundary_filter,medium,按公园和高德 POI ID 去重；仍需公园边界/入口节点过滤和现场营业核验。
AMAP-POI-0046,sample_olympic_forest,奥林匹克森林公园,B0FFI1DZFN,九号餐厅中式快餐,restaurant,餐厅,餐饮服务;中餐厅;中餐厅,050100,新奥购物中心地铁15号线I出口,北辰,116.392324,40.001451,1913,1501-3000m,2.5,23.00,06:30-20:30,周一至周日 06:30-20:30,15910728197,os_restaurant,not_in_pdf_seed,,,needs_boundary_filter,api_returned_needs_boundary_filter,medium,按公园和高德 POI ID 去重；仍需公园边界/入口节点过滤和现场营业核验。
AMAP-POI-0047,sample_olympic_forest,奥林匹克森林公园,B0FFI1TE4G,7-ELEVEn(安立路店),convenience_retail,便利店,购物服务;便民商店/便利店;7-ELEVEn便利店,060201,15号线安立路地铁站西南D口洛克时代1层,亚运村,116.406604,40.002234,2202,1501-3000m,4.3,,24小时营业,周一至周日 00:00-24:00,15001163565,os_convenience,not_in_pdf_seed,,,needs_boundary_filter,api_returned_needs_boundary_filter,medium,按公园和高德 POI ID 去重；仍需公园边界/入口节点过滤和现场营业核验。
AMAP-POI-0048,sample_olympic_forest,奥林匹克森林公园,B0FFI8B4K8,北辰洲际酒店·大堂吧,night_dining_bar,酒吧,餐饮服务;餐饮相关场所;餐饮相关,050000,奥运村街道北辰西路8号院4号楼北辰洲际酒店1层,北辰,116.387995,39.998300,2291,1501-3000m,4.5,117.00,08:00-23:00,周一至周日 08:00-23:00,010-84371381,os_bar,not_in_pdf_seed,,,needs_boundary_filter,api_returned_needs_boundary_filter,medium,按公园和高德 POI ID 去重；仍需公园边界/入口节点过滤和现场营业核验。
AMAP-POI-0049,sample_olympic_forest,奥林匹克森林公园,B0FFIJLA60,361°(北投新奥购物中心店),sports_supply,运动装备,购物服务;体育用品店;体育用品店,060900,湖景东路9号北投新奥购物中心H2层,北辰,116.395256,40.000487,2037,1501-3000m,3.8,,10:00-22:00,周一至周日 10:00-22:00,,os_sports_supply,not_in_pdf_seed,,,needs_boundary_filter,api_returned_needs_boundary_filter,medium,按公园和高德 POI ID 去重；仍需公园边界/入口节点过滤和现场营业核验。
AMAP-POI-0050,sample_olympic_forest,奥林匹克森林公园,B0FFIK6BW6,禅铭瑜伽(风林绿洲店),yoga_pilates,瑜伽;普拉提,体育休闲服务;运动场馆;健身中心,080111,风林绿洲小区底商3号楼2层2B,北辰,116.382604,40.001680,2055,1501-3000m,4.4,130.00,08:00-21:00,周一至周日 08:00-21:00,17310332960,os_yoga;os_pilates,not_in_pdf_seed,,,needs_boundary_filter,api_returned_needs_boundary_filter,medium,按公园和高德 POI ID 去重；仍需公园边界/入口节点过滤和现场营业核验。
AMAP-POI-0051,sample_olympic_forest,奥林匹克森林公园,B0FFITPSBV,小肥羊(北投新奥购物中心店),restaurant,餐厅,餐饮服务;中餐厅;火锅店,050117,湖景东路9号新奥购物中心1层东B门,北辰,116.396371,40.000038,2101,1501-3000m,4.6,108.00,10:00-21:30,周一至周日 10:00-21:30,010-64855810;13120130022,os_restaurant,not_in_pdf_seed,,,needs_boundary_filter,api_returned_needs_boundary_filter,medium,按公园和高德 POI ID 去重；仍需公园边界/入口节点过滤和现场营业核验。
AMAP-POI-0052,sample_olympic_forest,奥林匹克森林公园,B0FFJ22E44,FineYoga梵音瑜伽(北苑路北店),yoga_pilates,瑜伽,体育休闲服务;运动场馆;健身中心,080111,红军营南路天朗园C座2层02号,,116.414662,40.032354,2451,1501-3000m,3.5,117.00,,,,os_yoga,not_in_pdf_seed,,,needs_boundary_filter,api_returned_needs_boundary_filter,medium,按公园和高德 POI ID 去重；仍需公园边界/入口节点过滤和现场营业核验。
AMAP-POI-0053,sample_olympic_forest,奥林匹克森林公园,B0FFJC9JQ3,李宁(北投新奥购物中心店),sports_supply,运动装备,购物服务;体育用品店;李宁专卖店,060901,湖景东路9号新奥购物中心北区南负二层,北辰,116.395310,40.000609,2024,1501-3000m,4.0,,10:00-22:00,周一至周日 10:00-22:00,010-56329844,os_sports_supply,not_in_pdf_seed,,,needs_boundary_filter,api_returned_needs_boundary_filter,medium,按公园和高德 POI ID 去重；仍需公园边界/入口节点过滤和现场营业核验。
AMAP-POI-0054,sample_olympic_forest,奥林匹克森林公园,B0FFJN7K27,瑞幸咖啡(新奥天虹店),coffee;cold_drink,咖啡;冷饮,餐饮服务;咖啡厅;咖啡厅,050500,湖景东路9号新奥天虹商场B1层,北辰,116.394591,40.001496,1919,1501-3000m,4.6,12.00,10:00-21:00,周一至周日 10:00-21:00,4000100100,os_coffee;os_cold_drink,not_in_pdf_seed,,,needs_boundary_filter,api_returned_needs_boundary_filter,medium,按公园和高德 POI ID 去重；仍需公园边界/入口节点过滤和现场营业核验。
AMAP-POI-0055,sample_olympic_forest,奥林匹克森林公园,B0FFJOX1O6,娱·健身,yoga_pilates,瑜伽,体育休闲服务;体育休闲服务场所;体育休闲服务场所,080000,北辰东路慧忠北里219号楼19幢华秦大厦一层103-106,北辰,116.402101,40.006613,1584,1501-3000m,4.7,3469.00,07:00-22:00,周一至周五 07:00-22:00；周六至周日 09:00-21:00,010-57058537;010-57058538;18812009892,os_yoga,not_in_pdf_seed,,,needs_boundary_filter,api_returned_needs_boundary_filter,medium,按公园和高德 POI ID 去重；仍需公园边界/入口节点过滤和现场营业核验。
AMAP-POI-0056,sample_olympic_forest,奥林匹克森林公园,B0FFK6HLFR,达美乐比萨(国奥村店),fast_food,小吃快餐,餐饮服务;快餐厅;快餐厅,050300,林萃东路2号院甲3号楼国奥中心,北辰,116.381578,40.009553,1355,1001-1500m,4.5,75.00,09:30-22:00,周一至周日 09:30-22:00,4001597597,os_fast_food,not_in_pdf_seed,,,needs_boundary_filter,api_returned_needs_boundary_filter,medium,按公园和高德 POI ID 去重；仍需公园边界/入口节点过滤和现场营业核验。
AMAP-POI-0057,sample_olympic_forest,奥林匹克森林公园,B0FFK7HYT2,便利蜂(万科星园店),convenience_retail,便利店,购物服务;便民商店/便利店;便民商店/便利店,060200,仰山路万科星园甲3号1层C5,北苑,116.414605,40.029104,2240,1501-3000m,4.2,,24小时营业,周一至周日 00:00-24:00,18911901074;4000001234,os_convenience,not_in_pdf_seed,,,needs_boundary_filter,api_returned_needs_boundary_filter,medium,按公园和高德 POI ID 去重；仍需公园边界/入口节点过滤和现场营业核验。
AMAP-POI-0058,sample_olympic_forest,奥林匹克森林公园,B0FFKDLU4I,故宫文创产品专卖店,cultural_creative,文创,购物服务;购物相关场所;购物相关场所,060000,慧忠北里309号第五大道三层亚运村图书大厦内,北辰,116.406993,40.003180,2135,1501-3000m,4.0,,10:00-21:00,周一至周日 10:00-21:00,010-64801180,os_cultural_creative,not_in_pdf_seed,,,needs_boundary_filter,api_returned_needs_boundary_filter,medium,按公园和高德 POI ID 去重；仍需公园边界/入口节点过滤和现场营业核验。
AMAP-POI-0059,sample_olympic_forest,奥林匹克森林公园,B0FFKK9SSG,便利蜂(洛克时代中心店),convenience_retail,便利店,购物服务;便民商店/便利店;便民商店/便利店,060200,慧忠里103楼1层103-3(安立路地铁站D西南口旁),亚运村,116.406410,40.002274,2189,1501-3000m,4.2,,24小时营业,周一至周日 00:00-24:00,4000001234,os_convenience,not_in_pdf_seed,,,needs_boundary_filter,api_returned_needs_boundary_filter,medium,按公园和高德 POI ID 去重；仍需公园边界/入口节点过滤和现场营业核验。
AMAP-POI-0060,sample_olympic_forest,奥林匹克森林公园,B0FFKNWUUQ,星巴克(国奥中心店),coffee;tea_drink;cold_drink,咖啡;茶饮;冷饮,餐饮服务;咖啡厅;星巴克咖啡,050501,北京城区林萃东路2号院甲3号楼国奥中心1层F106室,北辰,116.381397,40.009255,1390,1001-1500m,4.7,30.00,07:00-21:30,周一至周日 07:00-21:30,010-84377378,os_coffee;os_tea;os_cold_drink,not_in_pdf_seed,,,needs_boundary_filter,api_returned_needs_boundary_filter,medium,按公园和高德 POI ID 去重；仍需公园边界/入口节点过滤和现场营业核验。
AMAP-POI-0061,sample_olympic_forest,奥林匹克森林公园,B0FFKSELEW,君匀瑜伽普拉提(润枫德尚苑A座店),yoga_pilates,瑜伽;普拉提,体育休闲服务;运动场馆;健身中心,080111,北京市朝阳区安立路60号润枫德尚写字楼A座1502,北辰,116.409396,40.005485,2074,1501-3000m,4.6,227.00,09:00-21:00,周一至周日 09:00-21:00,15011291330,os_yoga;os_pilates,not_in_pdf_seed,,,needs_boundary_filter,api_returned_needs_boundary_filter,medium,按公园和高德 POI ID 去重；仍需公园边界/入口节点过滤和现场营业核验。
AMAP-POI-0062,sample_olympic_forest,奥林匹克森林公园,B0FFKTB1SE,瑞幸咖啡(华创生活广场店),coffee;cold_drink,咖啡;冷饮,餐饮服务;咖啡厅;咖啡厅,050500,科荟路华创生活广场一层F1-07号,林萃,116.373075,40.010162,1880,1501-3000m,4.5,13.00,08:30-17:00,周一至周日 08:30-17:00,4000100100,os_coffee;os_cold_drink,not_in_pdf_seed,,,needs_boundary_filter,api_returned_needs_boundary_filter,medium,按公园和高德 POI ID 去重；仍需公园边界/入口节点过滤和现场营业核验。
AMAP-POI-0063,sample_olympic_forest,奥林匹克森林公园,B0FFKTQ14O,特步(北投新奥购物中心店),sports_supply,运动装备,购物服务;体育用品店;体育用品店,060900,湖景东路9号北投新奥购物中心B区H2层,北辰,116.395358,40.000408,2047,1501-3000m,3.8,,10:00-22:00,周一至周日 10:00-22:00,15810768102,os_sports_supply,not_in_pdf_seed,,,needs_boundary_filter,api_returned_needs_boundary_filter,medium,按公园和高德 POI ID 去重；仍需公园边界/入口节点过滤和现场营业核验。
AMAP-POI-0064,sample_olympic_forest,奥林匹克森林公园,B0FFL6DXZL,昕孕瑜伽(金泉广场购物中心店),yoga_pilates,瑜伽;普拉提,体育休闲服务;运动场馆;健身中心,080111,北苑路金泉时代广场3单元5层515室,亚运村,116.415406,40.005169,2485,1501-3000m,4.6,9474.00,10:00-20:00,周一 10:00-20:00；周三至周日 10:00-20:00,13121816658,os_yoga;os_pilates,not_in_pdf_seed,,,needs_boundary_filter,api_returned_needs_boundary_filter,medium,按公园和高德 POI ID 去重；仍需公园边界/入口节点过滤和现场营业核验。
AMAP-POI-0065,sample_olympic_forest,奥林匹克森林公园,B0FFLJUFYD,奥林匹克森林公园北园-商卖,convenience_retail,便利店,风景名胜;风景名胜相关;旅游景点,110000,安立路奥林匹克森林公园北园体育园内,北苑,116.407780,40.030533,1878,1501-3000m,3.1,,,,,os_convenience,not_in_pdf_seed,,,needs_boundary_filter,api_returned_needs_boundary_filter,medium,按公园和高德 POI ID 去重；仍需公园边界/入口节点过滤和现场营业核验。
AMAP-POI-0066,sample_olympic_forest,奥林匹克森林公园,B0FFM40XLU,枫烨园·枫景轩中餐厅(奥森北园店),restaurant,餐厅,餐饮服务;中餐厅;中餐厅,050100,北京城区北京城区清河路135号,,116.396753,40.037519,2138,1501-3000m,4.7,350.00,11:30-14:00 17:30-22:00,"周一至周日 11:30-14:00,17:30-22:00",18618423117,os_restaurant,not_in_pdf_seed,,,needs_boundary_filter,api_returned_needs_boundary_filter,medium,按公园和高德 POI ID 去重；仍需公园边界/入口节点过滤和现场营业核验。
AMAP-POI-0067,sample_olympic_forest,奥林匹克森林公园,B0FFM7J0OQ,奥森便利店(林奥嘉园店),convenience_retail,便利店,购物服务;便民商店/便利店;便民商店/便利店,060200,清林东路4号院林奥嘉园,北苑,116.406583,40.034474,2149,1501-3000m,3.7,,07:30-01:00,周一至周日 07:30-01:00,18201321698,os_convenience,not_in_pdf_seed,,,needs_boundary_filter,api_returned_needs_boundary_filter,medium,按公园和高德 POI ID 去重；仍需公园边界/入口节点过滤和现场营业核验。
AMAP-POI-0068,sample_olympic_forest,奥林匹克森林公园,B0G03ZH84G,CoCo都可(新奥工美店),tea_drink;cold_drink,茶饮;冷饮,餐饮服务;冷饮店;冷饮店,050700,天辰东路10号4幢-1层-110内K10,北辰,116.393511,40.001469,1914,1501-3000m,4.6,12.00,10:00-22:00,周一至周五 10:00-22:00；周六至周日 10:00-22:00,13121051846,os_tea;os_cold_drink,not_in_pdf_seed,,,needs_boundary_filter,api_returned_needs_boundary_filter,medium,按公园和高德 POI ID 去重；仍需公园边界/入口节点过滤和现场营业核验。
AMAP-POI-0069,sample_olympic_forest,奥林匹克森林公园,B0G2BZ8SX9,That’s it(名苑雅居店),night_dining_bar,酒吧,餐饮服务;餐饮相关场所;餐饮相关,050000,白庙路甲1号,二里庄,116.371311,40.009285,2059,1501-3000m,4.6,169.00,18:30-02:00,"周一至周四,周日 18:30-24:00；周五至周六 18:30-02:00",15910639299,os_bar,not_in_pdf_seed,,,needs_boundary_filter,api_returned_needs_boundary_filter,medium,按公园和高德 POI ID 去重；仍需公园边界/入口节点过滤和现场营业核验。
AMAP-POI-0070,sample_olympic_forest,奥林匹克森林公园,B0G34ZRBQN,春秋茶楼·棋牌·掼蛋(南沙滩店),tea_drink,茶饮,餐饮服务;茶艺馆;茶艺馆,050600,大屯路南沙滩冠军城底商2层,二里庄,116.373803,40.001178,2495,1501-3000m,4.8,82.00,24小时营业,周一至周日 00:00-24:00,18519002199,os_tea,not_in_pdf_seed,,,needs_boundary_filter,api_returned_needs_boundary_filter,medium,按公园和高德 POI ID 去重；仍需公园边界/入口节点过滤和现场营业核验。
AMAP-POI-0071,sample_olympic_forest,奥林匹克森林公园,B0G3HC754I,24小时营业便利店,convenience_retail,便利店,购物服务;便民商店/便利店;便民商店/便利店,060200,奥运村街道拂林园小区14号楼南侧底商,,116.415527,40.029104,2307,1501-3000m,3.4,,08:00-22:00,周一至周日 08:00-22:00,13522233370,os_convenience,not_in_pdf_seed,,,needs_boundary_filter,api_returned_needs_boundary_filter,medium,按公园和高德 POI ID 去重；仍需公园边界/入口节点过滤和现场营业核验。
AMAP-POI-0072,sample_olympic_forest,奥林匹克森林公园,B0G3Y5V5DD,挠whisky now bar(暖山店),night_dining_bar,酒吧,餐饮服务;餐饮相关场所;餐饮相关,050000,红军营南路36号暖山生活B1下沉广场外廊东侧,北苑,116.415831,40.031570,2479,1501-3000m,4.4,114.00,18:00-02:00,周一至周日 18:00-02:00,15011434345,os_bar,not_in_pdf_seed,,,needs_boundary_filter,api_returned_needs_boundary_filter,medium,按公园和高德 POI ID 去重；仍需公园边界/入口节点过滤和现场营业核验。
AMAP-POI-0073,sample_olympic_forest,奥林匹克森林公园,B0GDHR1ZIU,圣维岚运动装备奥森店,sports_supply,运动装备,购物服务;体育用品店;体育用品店,060900,黑泉路103号,,116.376762,40.026886,1602,1501-3000m,4.3,,08:00-20:00,周一至周日 08:00-20:00,010-64529287,os_sports_supply,matched_pdf_seed,POI-0011,圣维岚运动装备(奥森店),needs_boundary_filter,api_returned_needs_boundary_filter,medium,按公园和高德 POI ID 去重；仍需公园边界/入口节点过滤和现场营业核验。
AMAP-POI-0074,sample_olympic_forest,奥林匹克森林公园,B0GK2RKGW1,尊宝比萨(林萃路店),fast_food,小吃快餐,餐饮服务;快餐厅;快餐厅,050300,林萃路林萃西里16号华创生活广场2层F07A,林萃,116.372828,40.010188,1897,1501-3000m,4.3,34.00,09:00-23:00,"周五至周六 09:00-23:00；周一至周四,周日 09:00-22:00",010-84904995,os_fast_food,not_in_pdf_seed,,,needs_boundary_filter,api_returned_needs_boundary_filter,medium,按公园和高德 POI ID 去重；仍需公园边界/入口节点过滤和现场营业核验。
AMAP-POI-0075,sample_olympic_forest,奥林匹克森林公园,B0GRKX6LJN,LAWSON罗森(奥林匹克森林公园北园店),convenience_retail,便利店,购物服务;便民商店/便利店;便民商店/便利店,060200,科荟路33号奥林匹克森林公园北园(东侧),北苑,116.406125,40.031554,1867,1501-3000m,4.0,,07:00-20:00,周一至周日 07:00-20:00,15811085203,os_convenience,matched_pdf_seed,POI-0019,罗森(奥林匹克森林公园北园店),needs_boundary_filter,api_returned_needs_boundary_filter,medium,按公园和高德 POI ID 去重；仍需公园边界/入口节点过滤和现场营业核验。
AMAP-POI-0076,sample_olympic_forest,奥林匹克森林公园,B0GRLUMSG1,攥住腰餐厅(奥林匹克森林公园店),restaurant,餐厅,餐饮服务;餐饮相关场所;餐饮相关,050000,北京城区科荟路33号4幢(距离奥森南园北门停车场100米),,116.405446,40.021074,1164,1001-1500m,4.6,97.00,09:30-20:00 09:30-20:00,周一至周日 09:30-20:00 2026-05-01至2026-05-05 周一至周日 09:30-20:00,010-68052228;13260199737;13401049410,os_restaurant,not_in_pdf_seed,,,needs_boundary_filter,api_returned_needs_boundary_filter,medium,按公园和高德 POI ID 去重；仍需公园边界/入口节点过滤和现场营业核验。
AMAP-POI-0077,sample_olympic_forest,奥林匹克森林公园,B0GU9HV3IM,365啤酒屋,night_dining_bar,酒吧,体育休闲服务;娱乐场所;酒吧,080304,宝盛里北门东180米,清河,116.370613,40.036673,2721,1501-3000m,4.4,61.00,11:00-01:00,周一至周日 11:00-01:00,13426390661,os_bar,not_in_pdf_seed,,,needs_boundary_filter,api_returned_needs_boundary_filter,medium,按公园和高德 POI ID 去重；仍需公园边界/入口节点过滤和现场营业核验。
AMAP-POI-0078,sample_olympic_forest,奥林匹克森林公园,B0H0TROZB4,食全食美餐厅(亚洲金融大厦店),restaurant,餐厅,餐饮服务;中餐厅;中餐厅,050100,天辰东路1号院亚洲金融大厦B1层,北辰,116.389677,40.007486,1259,1001-1500m,3.2,,08:30-19:30,周一至周日 08:30-19:30,17600708661,os_restaurant,not_in_pdf_seed,,,needs_boundary_filter,api_returned_needs_boundary_filter,medium,按公园和高德 POI ID 去重；仍需公园边界/入口节点过滤和现场营业核验。
AMAP-POI-0079,sample_olympic_forest,奥林匹克森林公园,B0H14ZT70W,必胜客(大屯路店),fast_food,小吃快餐,餐饮服务;快餐厅;必胜客,050303,北京城区北辰东路7号地下一层B01-03B号、地下局部夹层B01M-03A-01号,北辰,116.398803,40.002992,1831,1501-3000m,4.3,54.00,09:30-22:00,周一至周日 09:30-22:00,18101171679,os_fast_food,not_in_pdf_seed,,,needs_boundary_filter,api_returned_needs_boundary_filter,medium,按公园和高德 POI ID 去重；仍需公园边界/入口节点过滤和现场营业核验。
AMAP-POI-0080,sample_olympic_forest,奥林匹克森林公园,B0H1OLTY5Z,兰瑜伽·普拉提(奥森店),yoga_pilates,瑜伽;普拉提,体育休闲服务;运动场馆;健身中心,080111,倚林佳园西南门东南90米,林萃,116.370812,40.013755,1899,1501-3000m,4.6,227.00,10:00-21:00,周一至周日 10:00-21:00,13260056938,os_yoga;os_pilates,not_in_pdf_seed,,,needs_boundary_filter,api_returned_needs_boundary_filter,medium,按公园和高德 POI ID 去重；仍需公园边界/入口节点过滤和现场营业核验。
AMAP-POI-0081,sample_olympic_forest,奥林匹克森林公园,B0H1U7ZGMK,便利蜂(安立写字楼店),convenience_retail,便利店,购物服务;便民商店/便利店;便民商店/便利店,060200,惠忠北里309号楼(安立路地铁站B东北口步行140米),北辰,116.408321,40.004012,2132,1501-3000m,4.2,,24小时营业,周一至周日 00:00-24:00,4000001234,os_convenience,not_in_pdf_seed,,,needs_boundary_filter,api_returned_needs_boundary_filter,medium,按公园和高德 POI ID 去重；仍需公园边界/入口节点过滤和现场营业核验。
AMAP-POI-0082,sample_olympic_forest,奥林匹克森林公园,B0H2YAVPW8,奈雪的茶(北京暖山生活green店),tea_drink,茶饮,餐饮服务;甜品店;甜品店|餐饮服务;冷饮店;冷饮店,050900|050700,红军营南路36号暖山生活一层奈雪的茶,北苑,116.415871,40.032162,2520,1501-3000m,4.3,24.00,10:00-21:30,周一至周五 10:00-21:30；周六至周日 10:00-22:00,13925242116;4006033888,os_tea,not_in_pdf_seed,,,needs_boundary_filter,api_returned_needs_boundary_filter,medium,按公园和高德 POI ID 去重；仍需公园边界/入口节点过滤和现场营业核验。
AMAP-POI-0083,sample_olympic_forest,奥林匹克森林公园,B0H31HZMH0,CafeFlatwhite亚投行店,coffee;cold_drink,咖啡;冷饮,餐饮服务;餐饮相关场所;餐饮相关,050000,亚洲金融大厦B1-03,北辰,116.390325,40.008975,1086,1001-1500m,4.1,54.00,08:00-20:00 08:30-18:30,周一至周日 08:00-20:00； 周一至周五 08:30-18:30,,os_coffee;os_cold_drink,not_in_pdf_seed,,,needs_boundary_filter,api_returned_needs_boundary_filter,medium,按公园和高德 POI ID 去重；仍需公园边界/入口节点过滤和现场营业核验。
AMAP-POI-0084,sample_olympic_forest,奥林匹克森林公园,B0H36AYQM1,优昂健身(林奥CITY PARK购物中心店),yoga_pilates,瑜伽,体育休闲服务;运动场馆;健身中心,080111,清林路林奥CITYPARK购物中心B1层,北苑,116.406852,40.034486,2163,1501-3000m,4.3,3268.00,09:00-22:00,周一至周日 09:00-22:00,13146107789,os_yoga,not_in_pdf_seed,,,needs_boundary_filter,api_returned_needs_boundary_filter,medium,按公园和高德 POI ID 去重；仍需公园边界/入口节点过滤和现场营业核验。
AMAP-POI-0085,sample_olympic_forest,奥林匹克森林公园,B0HAGAUEHS,北京河北新村便民超市,convenience_retail,便利店,购物服务;便民商店/便利店;便民商店/便利店,060200,清河湾护林防火看护队东北侧200米,,116.380995,40.037373,2292,1501-3000m,4.1,,06:30-22:45,周一至周日 06:30-22:45,13146638091,os_convenience,not_in_pdf_seed,,,needs_boundary_filter,api_returned_needs_boundary_filter,medium,按公园和高德 POI ID 去重；仍需公园边界/入口节点过滤和现场营业核验。
AMAP-POI-0086,sample_olympic_forest,奥林匹克森林公园,B0HGGZTX8X,速度披萨(北投新奥购物中心店),restaurant,餐厅,餐饮服务;快餐厅;快餐厅,050300,湖景东路9号北投新奥购物中心B区H1层H1-45-02,北辰,116.395810,39.999998,2097,1501-3000m,4.4,66.00,10:00-22:00,周一至周日 10:00-22:00,010-84833124;13520567702,os_restaurant,not_in_pdf_seed,,,needs_boundary_filter,api_returned_needs_boundary_filter,medium,按公园和高德 POI ID 去重；仍需公园边界/入口节点过滤和现场营业核验。
AMAP-POI-0087,sample_olympic_forest,奥林匹克森林公园,B0HGMX0NXV,萨莉亚意式餐厅(北投新奥购物中心店),restaurant,餐厅,餐饮服务;中餐厅;中餐厅,050100,湖景东路9号新奥购物中心天虹商场负一层,北辰,116.396090,40.001730,1911,1501-3000m,4.7,48.00,10:00-22:00,周一至周日 10:00-22:00,010-82131351,os_restaurant,not_in_pdf_seed,,,needs_boundary_filter,api_returned_needs_boundary_filter,medium,按公园和高德 POI ID 去重；仍需公园边界/入口节点过滤和现场营业核验。
AMAP-POI-0088,sample_olympic_forest,奥林匹克森林公园,B0HGMX0VO8,星巴克咖啡(北投新奥购物中心店),tea_drink,茶饮,餐饮服务;咖啡厅;星巴克咖啡,050501,北京城区湖景东路9、11号2幢-1层-101内B1-05单元,北辰,116.394158,39.999868,2096,1501-3000m,4.7,30.00,10:00-22:00,周一至周日 10:00-22:00,010-84376352,os_tea,not_in_pdf_seed,,,needs_boundary_filter,api_returned_needs_boundary_filter,medium,按公园和高德 POI ID 去重；仍需公园边界/入口节点过滤和现场营业核验。
AMAP-POI-0089,sample_olympic_forest,奥林匹克森林公园,B0HGX7X4YP,7-ELEVEn(大屯路店),convenience_retail,便利店,购物服务;便民商店/便利店;7-ELEVEn便利店,060201,大屯路8号,二里庄,116.378201,40.001574,2241,1501-3000m,4.1,,24小时营业,周一至周日 00:00-24:00,17171107110,os_convenience,not_in_pdf_seed,,,needs_boundary_filter,api_returned_needs_boundary_filter,medium,按公园和高德 POI ID 去重；仍需公园边界/入口节点过滤和现场营业核验。
AMAP-POI-0090,sample_olympic_forest,奥林匹克森林公园,B0HKJL4Y60,快狗打车(北京文化创意大厦店)(暂停营业),cultural_creative,文创,公司企业;公司;公司,170200,北苑路30号院北京文化创意大厦F3层,来广营,116.416210,40.038151,2987,1501-3000m,,,08:00-21:00,周一至周日 08:00-21:00,,os_cultural_creative,not_in_pdf_seed,,,needs_boundary_filter,api_returned_needs_boundary_filter,medium,按公园和高德 POI ID 去重；仍需公园边界/入口节点过滤和现场营业核验。
AMAP-POI-0091,sample_olympic_forest,奥林匹克森林公园,B0HKMDAQS3,星巴克臻选(林奥CITY PARK购物中心店),tea_drink,茶饮,餐饮服务;咖啡厅;星巴克咖啡,050501,北京城区北京城区清林东路4号院6号楼东侧林奥CITY PARK购物中心F1层,北苑,116.409521,40.033863,2250,1501-3000m,4.6,30.00,08:00-22:00,周一至周日 08:00-22:00,010-82184737,os_tea,not_in_pdf_seed,,,needs_boundary_filter,api_returned_needs_boundary_filter,medium,按公园和高德 POI ID 去重；仍需公园边界/入口节点过滤和现场营业核验。
AMAP-POI-0092,sample_olympic_forest,奥林匹克森林公园,B0HRBCYB4S,瑞仕森林精酿啤酒馆(鸟巢店),night_dining_bar,酒吧,餐饮服务;餐饮相关场所;餐饮相关,050000,慧忠北里411-4号,北辰,116.400924,40.003278,1865,1501-3000m,4.4,45.00,18:00-02:00,周一至周日 18:00-02:00,17600050708,os_bar,not_in_pdf_seed,,,needs_boundary_filter,api_returned_needs_boundary_filter,medium,按公园和高德 POI ID 去重；仍需公园边界/入口节点过滤和现场营业核验。
AMAP-POI-0093,sample_olympic_forest,奥林匹克森林公园,B0HRG488F2,星巴克(北京航空科技大厦店),tea_drink,茶饮,餐饮服务;咖啡厅;星巴克咖啡,050501,北京城区北苑路58号楼1层106-2房间,来广营,116.419038,40.026984,2472,1501-3000m,4.5,30.00,07:00-18:00,周一至周日 07:00-18:00,010-84921427,os_tea,not_in_pdf_seed,,,needs_boundary_filter,api_returned_needs_boundary_filter,medium,按公园和高德 POI ID 去重；仍需公园边界/入口节点过滤和现场营业核验。
AMAP-POI-0094,sample_olympic_forest,奥林匹克森林公园,B0HRVR2HQN,便利蜂(领智中心店),convenience_retail,便利店,购物服务;便民商店/便利店;便民商店/便利店,060200,东升镇宝盛南路1号院26号楼1层104室,清河,116.377208,40.033058,2049,1501-3000m,3.9,,24小时营业,周一至周日 00:00-24:00,4000001234,os_convenience,not_in_pdf_seed,,,needs_boundary_filter,api_returned_needs_boundary_filter,medium,按公园和高德 POI ID 去重；仍需公园边界/入口节点过滤和现场营业核验。
AMAP-POI-0095,sample_olympic_forest,奥林匹克森林公园,B0I1HMSEL3,见喜·普拉提&瑜伽,yoga_pilates,瑜伽;普拉提,体育休闲服务;运动场馆;健身中心,080111,奥运村街道天溪园22号楼2单元702,北苑,116.413975,40.033038,2455,1501-3000m,4.2,181.00,08:00-20:00,周一至周日 08:00-20:00,15001313457,os_yoga;os_pilates,not_in_pdf_seed,,,needs_boundary_filter,api_returned_needs_boundary_filter,medium,按公园和高德 POI ID 去重；仍需公园边界/入口节点过滤和现场营业核验。
AMAP-POI-0096,sample_olympic_forest,奥林匹克森林公园,B0I1ZDJCK7,沪上阿姨·精选茶饮(北京新奥购物中心店),tea_drink,茶饮,餐饮服务;冷饮店;冷饮店,050700,湖景东路911号2幢-01层-101内B1-Z3,北辰,116.395520,40.000232,2068,1501-3000m,4.5,14.00,10:00-22:00,周一至周日 10:00-22:00,13581903318,os_tea,not_in_pdf_seed,,,needs_boundary_filter,api_returned_needs_boundary_filter,medium,按公园和高德 POI ID 去重；仍需公园边界/入口节点过滤和现场营业核验。
AMAP-POI-0097,sample_olympic_forest,奥林匹克森林公园,B0I6YHTW0H,庆淮宴·淮扬江南菜·烤鸭(国奥村店),restaurant,餐厅,餐饮服务;中餐厅;中餐厅,050100,北京城区林萃东路1号院甲1号楼2层,鸟巢,116.380645,40.009175,1439,1001-1500m,4.7,180.00,10:00-22:00,周一至周日 10:00-22:00,010-64807724;010-64807734;13671122347,os_restaurant,not_in_pdf_seed,,,needs_boundary_filter,api_returned_needs_boundary_filter,medium,按公园和高德 POI ID 去重；仍需公园边界/入口节点过滤和现场营业核验。
AMAP-POI-0098,sample_olympic_forest,奥林匹克森林公园,B0IGCHCVY5,Tims天好咖啡(亚洲金融大厦店),coffee;cold_drink,咖啡;冷饮,餐饮服务;咖啡厅;咖啡厅,050500,天辰东路1号院,北辰,116.389380,40.007420,1270,1001-1500m,4.5,29.00,07:30-21:00,周一至周五 07:30-21:00,010-84370541,os_coffee;os_cold_drink,not_in_pdf_seed,,,needs_boundary_filter,api_returned_needs_boundary_filter,medium,按公园和高德 POI ID 去重；仍需公园边界/入口节点过滤和现场营业核验。
AMAP-POI-0099,sample_olympic_forest,奥林匹克森林公园,B0IURCNVR9,飞亚体育(国网店),sports_supply,运动装备,购物服务;体育用品店;体育用品店,060900,林萃路2号(V区气膜馆),,116.381426,40.020504,938,501-1000m,4.5,,10:00-20:30,周一至周日 10:00-20:30,13021290265,os_sports_supply,not_in_pdf_seed,,,needs_boundary_filter,api_returned_needs_boundary_filter,medium,按公园和高德 POI ID 去重；仍需公园边界/入口节点过滤和现场营业核验。
AMAP-POI-0100,sample_olympic_forest,奥林匹克森林公园,B0J097U6YI,老故事503文创园,cultural_creative,文创,商务住宅;产业园区;产业园区,120100,亚运村,北辰,116.384814,39.992556,2969,1501-3000m,,,,,18701686074,os_cultural_creative,not_in_pdf_seed,,,needs_boundary_filter,api_returned_needs_boundary_filter,medium,按公园和高德 POI ID 去重；仍需公园边界/入口节点过滤和现场营业核验。
AMAP-POI-0101,sample_olympic_forest,奥林匹克森林公园,B0J0OXCWXZ,DArtSpace,night_dining_bar,酒吧,体育休闲服务;娱乐场所;酒吧,080304,大屯路与林萃东路交叉口东180米,北辰,116.382585,40.001601,2064,1501-3000m,2.6,,,,,os_bar,not_in_pdf_seed,,,needs_boundary_filter,api_returned_needs_boundary_filter,medium,按公园和高德 POI ID 去重；仍需公园边界/入口节点过滤和现场营业核验。
AMAP-POI-0102,sample_olympic_forest,奥林匹克森林公园,B0J0T7Y5LZ,库迪咖啡(天虹商场新奥店),coffee;tea_drink;cold_drink,咖啡;茶饮;冷饮,餐饮服务;咖啡厅;咖啡厅,050500,北京城区湖景东路9号新奥天虹商场B1中庭阿迪达斯北侧75-055号,北辰,116.394578,40.001553,1912,1501-3000m,4.5,9.00,10:00-21:00,周一至周五 10:00-21:00,15210047918,os_coffee;os_tea;os_cold_drink,not_in_pdf_seed,,,needs_boundary_filter,api_returned_needs_boundary_filter,medium,按公园和高德 POI ID 去重；仍需公园边界/入口节点过滤和现场营业核验。
AMAP-POI-0103,sample_olympic_forest,奥林匹克森林公园,B0J1ZHOOWJ,京东便利店(北辰世纪中心店),convenience_retail,便利店,购物服务;便民商店/便利店;便民商店/便利店,060200,北辰世纪中心B座北门东侧,北辰,116.388290,39.999294,2178,1501-3000m,4.2,,08:00-21:30,周一至周日 08:00-21:30,010-58955500,os_convenience,not_in_pdf_seed,,,needs_boundary_filter,api_returned_needs_boundary_filter,medium,按公园和高德 POI ID 去重；仍需公园边界/入口节点过滤和现场营业核验。
AMAP-POI-0104,sample_olympic_forest,奥林匹克森林公园,B0J2AR5N66,芭雅瑜美,yoga_pilates,普拉提,体育休闲服务;运动场馆;健身中心,080111,亚运村大屯街道慧忠里103号洛克时代中心,亚运村,116.406533,40.002178,2204,1501-3000m,4.2,488.00,09:00-21:00,周一至周日 09:00-21:00,18610551179,os_pilates,not_in_pdf_seed,,,needs_boundary_filter,api_returned_needs_boundary_filter,medium,按公园和高德 POI ID 去重；仍需公园边界/入口节点过滤和现场营业核验。
AMAP-POI-0105,sample_olympic_forest,奥林匹克森林公园,B0J2MUPNJG,锐健身游泳中心(国奥店),yoga_pilates,瑜伽,体育休闲服务;运动场馆;健身中心,080111,林萃东路1号(国奥村西区西门),北沙滩,116.376253,40.008442,1768,1501-3000m,4.5,,10:00-22:00,周一至周日 10:00-22:00,15790709394,os_yoga,not_in_pdf_seed,,,needs_boundary_filter,api_returned_needs_boundary_filter,medium,按公园和高德 POI ID 去重；仍需公园边界/入口节点过滤和现场营业核验。
AMAP-POI-0106,sample_olympic_forest,奥林匹克森林公园,B0J2TZOM7N,山茶赋·新中式鲜奶茶(林奥店),tea_drink,茶饮,餐饮服务;冷饮店;冷饮店,050700,北京城区清林路林奥嘉园林奥购物中心南2号门2楼,北苑,116.409122,40.033637,2209,1501-3000m,3.2,21.00,10:30-20:30,周一至周日 10:30-20:30,18911168685,os_tea,not_in_pdf_seed,,,needs_boundary_filter,api_returned_needs_boundary_filter,medium,按公园和高德 POI ID 去重；仍需公园边界/入口节点过滤和现场营业核验。
AMAP-POI-0107,sample_olympic_forest,奥林匹克森林公园,B0J3DP9APY,YOYA优雅瑜伽普拉提,yoga_pilates,瑜伽;普拉提,体育休闲服务;运动场馆;健身中心,080111,安立路辅路与大屯里小街交叉口南80米,北辰,116.408233,40.003645,2159,1501-3000m,4.7,325.00,07:00-21:00,周一至周日 07:00-21:00,13041199888,os_yoga;os_pilates,not_in_pdf_seed,,,needs_boundary_filter,api_returned_needs_boundary_filter,medium,按公园和高德 POI ID 去重；仍需公园边界/入口节点过滤和现场营业核验。
AMAP-POI-0108,sample_olympic_forest,奥林匹克森林公园,B0J6GRTMNC,球拍兄弟海德旗舰店,sports_supply,运动装备,购物服务;体育用品店;体育用品店,060900,奥运村街道林翠路9号京师园小区底商5-7,林萃,116.371238,40.017444,1788,1501-3000m,4.5,,10:30-19:00,周一至周日 10:30-19:00,18516840071,os_sports_supply,not_in_pdf_seed,,,needs_boundary_filter,api_returned_needs_boundary_filter,medium,按公园和高德 POI ID 去重；仍需公园边界/入口节点过滤和现场营业核验。
AMAP-POI-0109,sample_olympic_forest,奥林匹克森林公园,B0JAFCD9OC,星巴克(北京北苑上品店),tea_drink,茶饮,体育休闲服务;娱乐场所;网吧|餐饮服务;咖啡厅;星巴克咖啡,080308|050501,上品(奥运村店)(北苑路北地铁站A2西北口步行160米),北苑,116.417119,40.031034,2536,1501-3000m,4.6,30.00,06:30-22:00,周一至周日 06:30-22:00,010-82184733,os_tea,not_in_pdf_seed,,,needs_boundary_filter,api_returned_needs_boundary_filter,medium,按公园和高德 POI ID 去重；仍需公园边界/入口节点过滤和现场营业核验。
AMAP-POI-0110,sample_olympic_forest,奥林匹克森林公园,B0JDJUE1FO,瑜塘2号,yoga_pilates,瑜伽,体育休闲服务;运动场馆;健身中心,080111,北京城区安立路60号院1号楼4层402,亚运村,116.409408,40.005361,2084,1501-3000m,4.7,147.00,07:00-21:00,周一至周日 07:00-21:00,010-84801602,os_yoga,not_in_pdf_seed,,,needs_boundary_filter,api_returned_needs_boundary_filter,medium,按公园和高德 POI ID 去重；仍需公园边界/入口节点过滤和现场营业核验。
AMAP-POI-0111,sample_olympic_forest,奥林匹克森林公园,B0JDP5OAF4,库迪咖啡(森根国际园区店),tea_drink,茶饮,餐饮服务;咖啡厅;咖啡厅,050500,北京城区来广营西路5号森根国际园区2A(入口处),来广营,116.419763,40.023022,2403,1501-3000m,4.2,9.00,07:30-17:00,周一至周五 07:30-17:00,18511821367,os_tea,not_in_pdf_seed,,,needs_boundary_filter,api_returned_needs_boundary_filter,medium,按公园和高德 POI ID 去重；仍需公园边界/入口节点过滤和现场营业核验。
AMAP-POI-0112,sample_olympic_forest,奥林匹克森林公园,B0JDZC9KF6,Grid Coffee(北京亚洲金融大厦店),coffee;cold_drink,咖啡;冷饮,餐饮服务;咖啡厅;咖啡厅,050500,北京城区北京城区天辰东路1号院亚洲金融大厦B1-17,北辰,116.389547,40.008509,1149,1001-1500m,4.0,28.00,07:30-18:00,周一至周五 07:30-18:00,17813622505,os_coffee;os_cold_drink,not_in_pdf_seed,,,needs_boundary_filter,api_returned_needs_boundary_filter,medium,按公园和高德 POI ID 去重；仍需公园边界/入口节点过滤和现场营业核验。
AMAP-POI-0113,sample_olympic_forest,奥林匹克森林公园,B0JG9R6TF9,优胜美丽高温瑜伽(华创生活广场店),yoga_pilates,瑜伽;普拉提,体育休闲服务;运动场馆;健身中心,080111,林萃路林萃西里16号楼华创生活广场3F层,林萃,116.371853,40.009995,1980,1501-3000m,4.3,114.00,08:30-21:30,周一至周日 08:30-21:30,13141074979,os_yoga;os_pilates,not_in_pdf_seed,,,needs_boundary_filter,api_returned_needs_boundary_filter,medium,按公园和高德 POI ID 去重；仍需公园边界/入口节点过滤和现场营业核验。
AMAP-POI-0114,sample_olympic_forest,奥林匹克森林公园,B0JGHZQZ3C,冯四孃跷脚牛肉·川菜(北京科荟路店),fast_food,小吃快餐,餐饮服务;中餐厅;四川菜(川菜),050102,林萃路林萃西里16号楼华创生活广场(林萃路店)1F层,林萃,116.372981,40.010047,1894,1501-3000m,4.5,44.00,10:30-21:00,周一至周日 10:30-21:00 2026-02-13至2026-02-24 全天关闭,13540921772,os_fast_food,not_in_pdf_seed,,,needs_boundary_filter,api_returned_needs_boundary_filter,medium,按公园和高德 POI ID 去重；仍需公园边界/入口节点过滤和现场营业核验。
AMAP-POI-0115,sample_olympic_forest,奥林匹克森林公园,B0JGS7IHO2,FLUID PILATES普拉提工作室,yoga_pilates,普拉提,体育休闲服务;运动场馆;健身中心,080111,天城东路1号院1号楼101内1层C105C106号,北辰,116.389317,40.009211,1076,1001-1500m,4.6,3162.00,11:00-20:00,周一至周日 11:00-20:00,13651335774,os_pilates,not_in_pdf_seed,,,needs_boundary_filter,api_returned_needs_boundary_filter,medium,按公园和高德 POI ID 去重；仍需公园边界/入口节点过滤和现场营业核验。
AMAP-POI-0116,sample_olympic_forest,奥林匹克森林公园,B0JK3ZETEC,汉唐小馆·西安名小吃(北辰荟店),fast_food,小吃快餐,餐饮服务;中餐厅;中餐厅,050100,北辰西路6号院北辰荟F2层,北辰,116.387889,40.004071,1661,1501-3000m,4.5,49.00,10:00-21:30,周一至周日 10:00-21:30,15110146695,os_fast_food,not_in_pdf_seed,,,needs_boundary_filter,api_returned_needs_boundary_filter,medium,按公园和高德 POI ID 去重；仍需公园边界/入口节点过滤和现场营业核验。
AMAP-POI-0117,sample_olympic_forest,奥林匹克森林公园,B0JKNDADW0,LINLEE·手打柠檬茶(朝阳林奥购物中心店),tea_drink,茶饮,餐饮服务;冷饮店;冷饮店,050700,北京城区北京城区清林路林奥CITYPARK购物中心负1层026号,北苑,116.408625,40.033175,2142,1501-3000m,4.1,18.00,10:00-22:00,周一至周日 10:00-22:00,18618267360,os_tea,not_in_pdf_seed,,,needs_boundary_filter,api_returned_needs_boundary_filter,medium,按公园和高德 POI ID 去重；仍需公园边界/入口节点过滤和现场营业核验。
AMAP-POI-0118,sample_olympic_forest,奥林匹克森林公园,B0JKTCCNNK,奈雪的茶(北辰荟店),tea_drink;cold_drink,茶饮;冷饮,餐饮服务;冷饮店;冷饮店,050700,辰西路6号院1号楼北辰荟1层,北辰,116.387775,40.002588,1825,1501-3000m,4.4,24.00,10:00-22:00,周一至周日 10:00-22:00,19868120065,os_tea;os_cold_drink,not_in_pdf_seed,,,needs_boundary_filter,api_returned_needs_boundary_filter,medium,按公园和高德 POI ID 去重；仍需公园边界/入口节点过滤和现场营业核验。
AMAP-POI-0119,sample_olympic_forest,奥林匹克森林公园,B0JKXRT5I4,雪梨精酿Sydney Coast Brewing(林奥店),night_dining_bar,酒吧,购物服务;专卖店;专营店,061200,林奥citypark东侧G层室外下沉广场外部雪梨精酿近安立路辅路,北苑,116.409601,40.034535,2311,1501-3000m,4.4,109.00,17:00-02:00,周一至周日 17:00-02:00,13810016658;15010920347,os_bar,not_in_pdf_seed,,,needs_boundary_filter,api_returned_needs_boundary_filter,medium,按公园和高德 POI ID 去重；仍需公园边界/入口节点过滤和现场营业核验。
AMAP-POI-0120,sample_olympic_forest,奥林匹克森林公园,B0JRGHWSJR,库迪咖啡(奥北科技园店),tea_drink,茶饮,餐饮服务;咖啡厅;咖啡厅,050500,北京城区北京城区宝盛南路1号院26号楼奥北科技园领智中心1层大堂,清河,116.377065,40.033279,2076,1501-3000m,4.3,9.00,08:00-19:00,周一至周五 08:00-19:00,13683232051,os_tea,not_in_pdf_seed,,,needs_boundary_filter,api_returned_needs_boundary_filter,medium,按公园和高德 POI ID 去重；仍需公园边界/入口节点过滤和现场营业核验。
AMAP-POI-0121,sample_olympic_forest,奥林匹克森林公园,B0JU9S6QJL,7-ELEVEn(林奥CITY PARK购物中心店),convenience_retail,便利店,购物服务;便民商店/便利店;7-ELEVEn便利店,060201,清林路4号院林奥嘉园11号楼底商,北苑,116.408641,40.033208,2146,1501-3000m,4.4,,24小时营业,周一至周日 00:00-24:00,15712947572,os_convenience,not_in_pdf_seed,,,needs_boundary_filter,api_returned_needs_boundary_filter,medium,按公园和高德 POI ID 去重；仍需公园边界/入口节点过滤和现场营业核验。
AMAP-POI-0122,sample_olympic_forest,奥林匹克森林公园,B0JUAYLMRH,佳儿萌豆儿童辅食餐厅(林奥CITY PARK购物中心店),restaurant,餐厅,餐饮服务;中餐厅;中餐厅,050100,奥运村街道清林东路4号院林奥CITY PARK购物中心B1层,北苑,116.407925,40.033675,2146,1501-3000m,4.2,49.00,08:00-20:00,周一至周日 08:00-20:00,13260302796,os_restaurant,not_in_pdf_seed,,,needs_boundary_filter,api_returned_needs_boundary_filter,medium,按公园和高德 POI ID 去重；仍需公园边界/入口节点过滤和现场营业核验。
AMAP-POI-0123,sample_olympic_forest,奥林匹克森林公园,B0JURM5DBL,元想空间META SPACE(亚洲金融大厦店),coffee;cold_drink,咖啡;冷饮,餐饮服务;咖啡厅;咖啡厅,050500,亚洲金融大厦B1层b1-28,北辰,116.389680,40.008384,1160,1001-1500m,3.7,26.00,09:00-02:00,周一至周日 09:00-02:00,15001387048,os_coffee;os_cold_drink,not_in_pdf_seed,,,needs_boundary_filter,api_returned_needs_boundary_filter,medium,按公园和高德 POI ID 去重；仍需公园边界/入口节点过滤和现场营业核验。
AMAP-POI-0124,sample_olympic_forest,奥林匹克森林公园,B0K0F66VHI,醉面(林萃路店),fast_food,小吃快餐,餐饮服务;餐饮相关场所;餐饮相关,050000,林萃西里三期东区北门西170米,林萃,116.371282,40.013185,1880,1501-3000m,4.5,15.00,06:30-21:30,周一至周日 06:30-21:30,15027937362,os_fast_food,not_in_pdf_seed,,,needs_boundary_filter,api_returned_needs_boundary_filter,medium,按公园和高德 POI ID 去重；仍需公园边界/入口节点过滤和现场营业核验。
AMAP-POI-0125,sample_olympic_forest,奥林匹克森林公园,B0K0J547RO,爷爷不泡茶不泡茶 NOYEYENOTEA(北投新奥购物中心店),tea_drink,茶饮,餐饮服务;冷饮店;冷饮店,050700,湖景东路9号北投新奥购物中心1F层,北辰,116.395972,39.999037,2205,1501-3000m,4.5,16.00,10:00-21:30,周一至周日 10:00-21:30,17303665424,os_tea,not_in_pdf_seed,,,needs_boundary_filter,api_returned_needs_boundary_filter,medium,按公园和高德 POI ID 去重；仍需公园边界/入口节点过滤和现场营业核验。
AMAP-POI-0126,sample_olympic_forest,奥林匹克森林公园,B0K1RRW2T9,欢喜Curry咖喱餐厅(北辰荟店),restaurant,餐厅,餐饮服务;中餐厅;中餐厅,050100,奥运村街道北辰西路6号院1号楼-4至3层101内3层L307号,北辰,116.387849,40.003699,1702,1501-3000m,4.2,79.00,10:00-22:00,周一至周日 10:00-22:00,18631449100,os_restaurant,not_in_pdf_seed,,,needs_boundary_filter,api_returned_needs_boundary_filter,medium,按公园和高德 POI ID 去重；仍需公园边界/入口节点过滤和现场营业核验。
AMAP-POI-0127,sample_olympic_forest,奥林匹克森林公园,B0K30HVCMP,瑜美瑜伽普拉提,yoga_pilates,瑜伽;普拉提,体育休闲服务;运动场馆;健身中心,080111,天畅园5号楼2层5-202号,北苑,116.416398,40.034553,2722,1501-3000m,4.6,323.00,10:00-21:00,周一至周日 10:00-21:00,15611665381,os_yoga;os_pilates,not_in_pdf_seed,,,needs_boundary_filter,api_returned_needs_boundary_filter,medium,按公园和高德 POI ID 去重；仍需公园边界/入口节点过滤和现场营业核验。
AMAP-POI-0128,sample_olympic_forest,奥林匹克森林公园,B0K31CR2QQ,CHAGEE霸王茶姬(北京北辰荟购物中心店),cold_drink,冷饮,餐饮服务;冷饮店;冷饮店,050700,奥运村街道北辰西路6号院1号楼北辰荟购物中心L122号,北辰,116.387625,40.003075,1774,1501-3000m,4.4,20.00,09:00-22:00,周一至周日 09:00-22:00,4008788359,os_cold_drink,not_in_pdf_seed,,,needs_boundary_filter,api_returned_needs_boundary_filter,medium,按公园和高德 POI ID 去重；仍需公园边界/入口节点过滤和现场营业核验。
AMAP-POI-0129,sample_olympic_forest,奥林匹克森林公园,B0K3998BIL,漫咖啡MAAN COFFEE(奥林匹克森林公园国家网球中心店),coffee;cold_drink,咖啡;冷饮,餐饮服务;咖啡厅;咖啡厅,050500,林萃路2号国家网球中心综合服务楼2楼西南角,,116.377468,40.019797,1259,1001-1500m,4.5,56.00,09:00-22:00,周一至周日 09:00-22:00,15010709812,os_coffee;os_cold_drink,not_in_pdf_seed,,,needs_boundary_filter,api_returned_needs_boundary_filter,medium,按公园和高德 POI ID 去重；仍需公园边界/入口节点过滤和现场营业核验。
AMAP-POI-0130,sample_olympic_forest,奥林匹克森林公园,B0K3BSDWLT,CCM冰球护具店(奥林匹克森林公园北园店),sports_supply,运动装备,购物服务;购物相关场所;购物相关场所,060000,清林路奥林匹克森林公园北园北门ccm冰球护具店,北苑,116.408494,40.032137,2048,1501-3000m,3.8,,14:00-20:00,周一至周五 14:00-20:00；周六至周日 10:00-20:00,19261030886,os_sports_supply,not_in_pdf_seed,,,needs_boundary_filter,api_returned_needs_boundary_filter,medium,按公园和高德 POI ID 去重；仍需公园边界/入口节点过滤和现场营业核验。
AMAP-POI-0131,sample_olympic_forest,奥林匹克森林公园,B0K3RY1ZFJ,U+YOGA优伽瑜伽·普拉提(钻石球场店),yoga_pilates,瑜伽;普拉提,体育休闲服务;运动场馆;健身中心,080111,速滑馆北路与林萃路交叉口东北180米,,116.376525,40.019725,1338,1001-1500m,2.5,235.00,09:00-22:00,周一至周日 09:00-22:00,,os_yoga;os_pilates,not_in_pdf_seed,,,needs_boundary_filter,api_returned_needs_boundary_filter,medium,按公园和高德 POI ID 去重；仍需公园边界/入口节点过滤和现场营业核验。
AMAP-POI-0132,sample_olympic_forest,奥林匹克森林公园,B0K3UHRIHN,OVERTONE(北投新奥购物中心店)(暂停营业),night_dining_bar,酒吧,体育休闲服务;娱乐场所;酒吧,080304,湖景西路6号月色码头啤酒花园北侧第一家,北辰,116.394070,40.001933,1866,1501-3000m,4.4,119.00,16:30-01:30,周二至周日 16:30-01:30,13488837154,os_bar,not_in_pdf_seed,,,needs_boundary_filter,api_returned_needs_boundary_filter,medium,按公园和高德 POI ID 去重；仍需公园边界/入口节点过滤和现场营业核验。
AMAP-POI-0133,sample_olympic_forest,奥林匹克森林公园,B0K6BCGK4I,Grid Coffee(北京北辰荟店),coffee;cold_drink,咖啡;冷饮,餐饮服务;咖啡厅;咖啡厅,050500,北京城区北辰西路北辰荟购物中心1层L115号店铺,北辰,116.388040,40.002410,1840,1501-3000m,4.6,30.00,08:00-21:30,周一至周日 08:00-21:30,17601682867,os_coffee;os_cold_drink,not_in_pdf_seed,,,needs_boundary_filter,api_returned_needs_boundary_filter,medium,按公园和高德 POI ID 去重；仍需公园边界/入口节点过滤和现场营业核验。
AMAP-POI-0134,sample_olympic_forest,奥林匹克森林公园,B0K6BKC0KO,LINLEE·手打柠檬茶(朝阳北辰荟店),tea_drink;cold_drink,茶饮;冷饮,餐饮服务;冷饮店;冷饮店,050700,北辰西路6号院北辰荟三楼,北辰,116.387795,40.003273,1750,1501-3000m,4.3,18.00,10:00-21:30,周一至周日 10:00-21:30,18301637330,os_tea;os_cold_drink,not_in_pdf_seed,,,needs_boundary_filter,api_returned_needs_boundary_filter,medium,按公园和高德 POI ID 去重；仍需公园边界/入口节点过滤和现场营业核验。
AMAP-POI-0135,sample_olympic_forest,奥林匹克森林公园,B0K6GHZRTH,遇见小面(北辰荟店),fast_food,小吃快餐,餐饮服务;中餐厅;中餐厅,050100,北辰西路北辰荟负一层B102,北辰,116.387675,40.003173,1763,1501-3000m,4.4,29.00,10:00-21:30,周一至周日 10:00-21:30,4007628000,os_fast_food,not_in_pdf_seed,,,needs_boundary_filter,api_returned_needs_boundary_filter,medium,按公园和高德 POI ID 去重；仍需公园边界/入口节点过滤和现场营业核验。
AMAP-POI-0136,sample_olympic_forest,奥林匹克森林公园,B0K6LUKTYI,甲乙饼·手工牛肉饼(北辰荟店),fast_food,小吃快餐,餐饮服务;餐饮相关场所;餐饮相关,050000,北辰西路6号院北辰荟B1层,北辰,116.387529,40.002796,1806,1501-3000m,4.1,34.00,09:30-21:00,周一至周日 09:30-21:00,13265831343,os_fast_food,not_in_pdf_seed,,,needs_boundary_filter,api_returned_needs_boundary_filter,medium,按公园和高德 POI ID 去重；仍需公园边界/入口节点过滤和现场营业核验。
AMAP-POI-0137,sample_olympic_forest,奥林匹克森林公园,B0K6LUM4OJ,肯德基(国家速滑馆店),fast_food,小吃快餐,餐饮服务;快餐厅;肯德基,050301,北京城区速滑馆南路甲1号院1号楼-2至3101内1层F1-15,,116.377485,40.016915,1265,1001-1500m,2.3,,09:00-22:00,周一至周日 09:00-22:00,15010211287,os_fast_food,not_in_pdf_seed,,,needs_boundary_filter,api_returned_needs_boundary_filter,medium,按公园和高德 POI ID 去重；仍需公园边界/入口节点过滤和现场营业核验。
AMAP-POI-0138,sample_olympic_forest,奥林匹克森林公园,B0K6PUUAPP,YONEX网羽特装店(飞亚体育),sports_supply,运动装备,购物服务;体育用品店;体育用品店,060900,林萃路2号国家网球中心,,116.378590,40.019777,1163,1001-1500m,4.4,,10:00-20:00,周一至周日 10:00-20:00,,os_sports_supply,not_in_pdf_seed,,,needs_boundary_filter,api_returned_needs_boundary_filter,medium,按公园和高德 POI ID 去重；仍需公园边界/入口节点过滤和现场营业核验。
AMAP-POI-0139,sample_olympic_forest,奥林匹克森林公园,B0KA7LZ4N6,luckin coffee 瑞幸咖啡(国泰大厦店),coffee,咖啡,餐饮服务;咖啡厅;咖啡厅,050500,东升镇宝盛南路1号院20号楼一层101室,清河,116.377313,40.032611,2005,1501-3000m,4.0,13.00,,明周日08:00-18:00,4000100100,os_coffee,not_in_pdf_seed,,,needs_boundary_filter,api_returned_needs_boundary_filter,medium,按公园和高德 POI ID 去重；仍需公园边界/入口节点过滤和现场营业核验。
AMAP-POI-0140,sample_olympic_forest,奥林匹克森林公园,B0KAHZV71K,LONG JING茶舍酒廊(鸟巢店),night_dining_bar,酒吧,生活服务;生活服务场所;生活服务场所,070000,北京城区北辰西路6号院1号楼-4至3层101内1层L142B号,北辰,116.387697,40.004581,1610,1501-3000m,4.6,90.00,11:30-02:00,周一至周日 11:30-02:00,18618145480,os_bar,not_in_pdf_seed,,,needs_boundary_filter,api_returned_needs_boundary_filter,medium,按公园和高德 POI ID 去重；仍需公园边界/入口节点过滤和现场营业核验。
AMAP-POI-0141,sample_olympic_forest,奥林匹克森林公园,B0KAJZ306N,优布劳精酿酒馆(金泉店),night_dining_bar,酒吧,购物服务;购物相关场所;购物相关场所,060000,大屯里118号E座101号门面,亚运村,116.413582,40.006751,2255,1501-3000m,4.1,,11:00-24:00,周一至周日 11:00-24:00,13146313867,os_bar,not_in_pdf_seed,,,needs_boundary_filter,api_returned_needs_boundary_filter,medium,按公园和高德 POI ID 去重；仍需公园边界/入口节点过滤和现场营业核验。
AMAP-POI-0142,sample_olympic_forest,奥林匹克森林公园,B0KB6M9H4B,味千拉面(北辰荟店),fast_food,小吃快餐,餐饮服务;餐饮相关场所;餐饮相关,050000,北京城区北辰西路6号院1号楼4至3层101地下1层B105号,北辰,116.387721,40.003101,1770,1501-3000m,4.4,55.00,10:00-20:30,周一至周日 10:00-20:30,18930128540,os_fast_food,not_in_pdf_seed,,,needs_boundary_filter,api_returned_needs_boundary_filter,medium,按公园和高德 POI ID 去重；仍需公园边界/入口节点过滤和现场营业核验。
AMAP-POI-0143,sample_olympic_forest,奥林匹克森林公园,B0KBKUDSZY,new balance(北辰荟店),sports_supply,运动装备,购物服务;体育用品店;体育用品店,060900,北辰西路6号院北辰荟F1层,北辰,116.387515,40.003962,1680,1501-3000m,3.9,,08:00-22:00,周一至周日 08:00-22:00,,os_sports_supply,not_in_pdf_seed,,,needs_boundary_filter,api_returned_needs_boundary_filter,medium,按公园和高德 POI ID 去重；仍需公园边界/入口节点过滤和现场营业核验。
AMAP-POI-0144,sample_olympic_forest,奥林匹克森林公园,B0KBNSI98Z,以沫咖啡,coffee;cold_drink,咖啡;冷饮,餐饮服务;咖啡厅;咖啡厅,050500,奥体森林公园南门西侧以沫咖啡,鸟巢,116.391469,40.011902,751,501-1000m,4.1,29.00,,,,os_coffee;os_cold_drink,not_in_pdf_seed,,,needs_boundary_filter,api_returned_needs_boundary_filter,medium,按公园和高德 POI ID 去重；仍需公园边界/入口节点过滤和现场营业核验。
AMAP-POI-0145,sample_olympic_forest,奥林匹克森林公园,B0KBO4ESFT,农垦云选超市(安立写字楼A座店),convenience_retail,便利店,购物服务;便民商店/便利店;便民商店/便利店,060200,安立路66号安立写字楼A座,亚运村,116.408363,40.003935,2141,1501-3000m,3.4,,,,,os_convenience,not_in_pdf_seed,,,needs_boundary_filter,api_returned_needs_boundary_filter,medium,按公园和高德 POI ID 去重；仍需公园边界/入口节点过滤和现场营业核验。
AMAP-POI-0146,sample_olympic_forest,奥林匹克森林公园,B0KBR7RY7V,瑞幸咖啡(北辰荟店),coffee;cold_drink,咖啡;冷饮,餐饮服务;咖啡厅;咖啡厅,050500,北辰西路6号院北辰荟F3层,北辰,116.387782,40.003653,1709,1501-3000m,4.5,12.00,10:00-21:30,周一至周日 10:00-21:30,,os_coffee;os_cold_drink,not_in_pdf_seed,,,needs_boundary_filter,api_returned_needs_boundary_filter,medium,按公园和高德 POI ID 去重；仍需公园边界/入口节点过滤和现场营业核验。
AMAP-POI-0147,sample_olympic_forest,奥林匹克森林公园,B0KDC1SZJ0,鹅岛餐厅Goose lsland Taproom(北辰店),restaurant;night_dining_bar,餐厅;酒吧,体育休闲服务;娱乐场所;酒吧,080304,北京城区北辰西路6号院1号楼-4至3层101内1层L142A号,北辰,116.387388,40.004480,1627,1501-3000m,4.5,170.00,,"周五至周六 11:00-01:00；周一至周四,周日 11:00-24:00 2026-02-15至2026-02-19 周一至周日 全天关闭；2026-02-20至2026-02-21 周一至周日 11:00-24:00",18500554655,os_restaurant;os_bar,not_in_pdf_seed,,,needs_boundary_filter,api_returned_needs_boundary_filter,medium,按公园和高德 POI ID 去重；仍需公园边界/入口节点过滤和现场营业核验。
AMAP-POI-0148,sample_olympic_forest,奥林匹克森林公园,B0KDRDQK8Q,橙堡地中海餐厅,restaurant,餐厅,餐饮服务;中餐厅;中餐厅,050100,北辰西路北辰荟B座3层,北辰,116.387700,40.003451,1732,1501-3000m,4.5,150.00,10:30-22:00,周一至周日 10:30-22:00,010-61222518;15801038439,os_restaurant,not_in_pdf_seed,,,needs_boundary_filter,api_returned_needs_boundary_filter,medium,按公园和高德 POI ID 去重；仍需公园边界/入口节点过滤和现场营业核验。
AMAP-POI-0149,sample_olympic_forest,奥林匹克森林公园,B0KG0UL40R,圣维岚运动装备(北辰荟店),sports_supply,运动装备,购物服务;体育用品店;体育用品店,060900,北辰荟1层L138A-L139,北辰,116.387580,40.004063,1668,1501-3000m,3.8,,10:00-22:00,周一至周日 10:00-22:00,010-65086568,os_sports_supply,not_in_pdf_seed,,,needs_boundary_filter,api_returned_needs_boundary_filter,medium,按公园和高德 POI ID 去重；仍需公园边界/入口节点过滤和现场营业核验。
AMAP-POI-0150,sample_olympic_forest,奥林匹克森林公园,B0KGPC5DVF,LINLEE·手打柠檬茶(朝阳新奥天虹店),tea_drink,茶饮,餐饮服务;冷饮店;冷饮店,050700,湖景东路9号北投新奥购物中心1F层,北辰,116.394312,40.000403,2037,1501-3000m,4.4,18.00,09:00-21:30,周一至周日 09:00-21:30,18611636352,os_tea,not_in_pdf_seed,,,needs_boundary_filter,api_returned_needs_boundary_filter,medium,按公园和高德 POI ID 去重；仍需公园边界/入口节点过滤和现场营业核验。
AMAP-POI-0151,sample_olympic_forest,奥林匹克森林公园,B0KK257QK0,中船文创,cultural_creative,文创,公司企业;公司;公司,170200,G6辅路与北沙滩路交叉口西北300米,林萃,116.365907,40.007830,2540,1501-3000m,,,,,,os_cultural_creative,not_in_pdf_seed,,,needs_boundary_filter,api_returned_needs_boundary_filter,medium,按公园和高德 POI ID 去重；仍需公园边界/入口节点过滤和现场营业核验。
AMAP-POI-0152,sample_olympic_forest,奥林匹克森林公园,B0KK4Z55NV,一承酒馆(亚运村店),night_dining_bar,酒吧,体育休闲服务;娱乐场所;酒吧|餐饮服务;中餐厅;中餐厅,080304|050100,慧忠里417号楼二层417-5,亚运村,116.404444,39.995001,2831,1501-3000m,3.9,136.00,18:00-02:00,周一至周日 18:00-02:00,13260262018,os_bar,not_in_pdf_seed,,,needs_boundary_filter,api_returned_needs_boundary_filter,medium,按公园和高德 POI ID 去重；仍需公园边界/入口节点过滤和现场营业核验。
AMAP-POI-0153,sample_olympic_forest,奥林匹克森林公园,B0KR1CKJCQ,见朴普拉提轻疗愈馆(亚运村店),yoga_pilates,瑜伽;普拉提,体育休闲服务;运动场馆;运动场所,080100,慧忠里103楼三层3033室,亚运村,116.407252,40.002029,2252,1501-3000m,4.6,308.00,09:00-21:00,周一至周日 09:00-21:00,13121526119,os_yoga;os_pilates,not_in_pdf_seed,,,needs_boundary_filter,api_returned_needs_boundary_filter,medium,按公园和高德 POI ID 去重；仍需公园边界/入口节点过滤和现场营业核验。
AMAP-POI-0154,sample_olympic_forest,奥林匹克森林公园,B0KR1ZR0AY,方吧FANGBAR(北投新奥购物中心店),night_dining_bar,酒吧,体育休闲服务;娱乐场所;酒吧,080304,奥运村街道湖景东路9号北投新奥购物中心B1层,北辰,116.393975,40.000975,1972,1501-3000m,4.5,125.00,18:00-02:00,"周一至周四,周日 18:00-02:00；周五至周六 18:00-03:00",,os_bar,not_in_pdf_seed,,,needs_boundary_filter,api_returned_needs_boundary_filter,medium,按公园和高德 POI ID 去重；仍需公园边界/入口节点过滤和现场营业核验。
AMAP-POI-0155,sample_olympic_forest,奥林匹克森林公园,B0KR9LI54Z,El Nido(鸟巢店),night_dining_bar,酒吧,体育休闲服务;娱乐场所;酒吧,080304,大屯路27号湖景西路月色码头三单元,北辰,116.394190,40.000899,1981,1501-3000m,4.6,138.00,14:00-02:00,"周五至周六 14:00-03:00；周一至周四,周日 14:00-02:00",18810587553,os_bar,not_in_pdf_seed,,,needs_boundary_filter,api_returned_needs_boundary_filter,medium,按公园和高德 POI ID 去重；仍需公园边界/入口节点过滤和现场营业核验。
AMAP-POI-0156,sample_olympic_forest,奥林匹克森林公园,B0KU2A43RF,碳元素18小时自助健身(金泉广场购物中心店),yoga_pilates,瑜伽;普拉提,体育休闲服务;运动场馆;健身中心,080111,大屯街道金泉时代大屯里317号楼3单元601,亚运村,116.415672,40.004393,2555,1501-3000m,4.4,2339.00,06:00-23:30,周一至周日 06:00-23:30,17301214406,os_yoga;os_pilates,not_in_pdf_seed,,,needs_boundary_filter,api_returned_needs_boundary_filter,medium,按公园和高德 POI ID 去重；仍需公园边界/入口节点过滤和现场营业核验。
AMAP-POI-0157,sample_olympic_forest,奥林匹克森林公园,B0KU3LGE2T,Manner Coffee(新奥天虹店),coffee;cold_drink,咖啡;冷饮,餐饮服务;咖啡厅;咖啡厅,050500,湖景东路9号北投新奥购物中心C区H1层,北辰,116.393875,40.001380,1926,1501-3000m,4.5,20.00,07:00-17:00,周一至周日 07:00-17:00,18616608345,os_coffee;os_cold_drink,not_in_pdf_seed,,,needs_boundary_filter,api_returned_needs_boundary_filter,medium,按公园和高德 POI ID 去重；仍需公园边界/入口节点过滤和现场营业核验。
AMAP-POI-0158,sample_olympic_forest,奥林匹克森林公园,B0KU4STC6I,秀儿四九城新京菜(亚运村店),restaurant,餐厅,餐饮服务;中餐厅;北京菜,050111,北京城区慧忠北里214号楼4层4001,北辰,116.403705,40.005496,1763,1501-3000m,4.7,153.00,08:00-14:00 16:30-22:00 14:00-17:00 17:00-24:00,"周一至周日 08:00-14:00,16:30-22:00 2026-05-01至2026-05-05 周一至周日 14:00-17:00,17:00-24:00",010-84097188;010-84097699;13691162682,os_restaurant,not_in_pdf_seed,,,needs_boundary_filter,api_returned_needs_boundary_filter,medium,按公园和高德 POI ID 去重；仍需公园边界/入口节点过滤和现场营业核验。
AMAP-POI-0159,sample_olympic_forest,奥林匹克森林公园,B0KUAO87YT,华美共好云惠购(安立路店),convenience_retail,便利店,购物服务;便民商店/便利店;便民商店/便利店|购物服务;超级市场;超市,060200|060400,安立路辅路与大屯北路交叉口西北80米,北辰,116.407361,40.006180,1898,1501-3000m,3.8,,,,,os_convenience,not_in_pdf_seed,,,needs_boundary_filter,api_returned_needs_boundary_filter,medium,按公园和高德 POI ID 去重；仍需公园边界/入口节点过滤和现场营业核验。
AMAP-POI-0160,sample_olympic_forest,奥林匹克森林公园,B0KUMM7Q57,蜜雪冰城(华创生活广场店),tea_drink;cold_drink,茶饮;冷饮,餐饮服务;冷饮店;冷饮店,050700,林萃路林萃西里16号楼华创生活广场1F层,林萃,116.373118,40.010066,1882,1501-3000m,4.3,10.00,09:30-21:00,"周六 09:30-15:00；周一至周五,周日 09:30-21:00",15076280085,os_tea;os_cold_drink,not_in_pdf_seed,,,needs_boundary_filter,api_returned_needs_boundary_filter,medium,按公园和高德 POI ID 去重；仍需公园边界/入口节点过滤和现场营业核验。
AMAP-POI-0161,sample_olympic_forest,奥林匹克森林公园,B0KURKTSLA,中华高尔夫(正品体验店),sports_supply,运动装备,购物服务;体育用品店;高尔夫用品店,060906,北沙滩科荟路甲1号名苑雅居2-101底商,二里庄,116.372050,40.009428,1997,1501-3000m,3.6,,09:00-23:00,周一至周日 09:00-23:00,,os_sports_supply,not_in_pdf_seed,,,needs_boundary_filter,api_returned_needs_boundary_filter,medium,按公园和高德 POI ID 去重；仍需公园边界/入口节点过滤和现场营业核验。
AMAP-POI-0162,sample_olympic_forest,奥林匹克森林公园,B0KUZ5JBM3,伊斯坦丁·清真·丝路美食,restaurant,餐厅,餐饮服务;餐饮相关场所;餐饮相关,050000,北京城区慧忠北里214号楼4层4002,北辰,116.403785,40.005469,1769,1501-3000m,4.7,119.00,11:00-14:00 17:00-21:30,"周一至周日 11:00-14:00,17:00-21:30",010-84097557;13611205052,os_restaurant,not_in_pdf_seed,,,needs_boundary_filter,api_returned_needs_boundary_filter,medium,按公园和高德 POI ID 去重；仍需公园边界/入口节点过滤和现场营业核验。
AMAP-POI-0163,sample_olympic_forest,奥林匹克森林公园,B0L07A1DB8,老潼关肉夹馍·凉皮,fast_food,小吃快餐,餐饮服务;中餐厅;中餐厅|餐饮服务;快餐厅;快餐厅,050100|050300,科荟路与大炎001路交叉口南200米,北辰,116.406675,40.007775,1730,1501-3000m,3.4,26.00,,,,os_fast_food,not_in_pdf_seed,,,needs_boundary_filter,api_returned_needs_boundary_filter,medium,按公园和高德 POI ID 去重；仍需公园边界/入口节点过滤和现场营业核验。
AMAP-POI-0164,sample_olympic_forest,奥林匹克森林公园,B0L0C10DYG,回力(新奥天虹店),sports_supply,运动装备,购物服务;体育用品店;体育用品店,060900,湖景西路与大屯路辅路交叉口南160米,北辰,116.394248,40.000729,2001,1501-3000m,2.8,,10:00-22:00,周一至周日 10:00-22:00,,os_sports_supply,not_in_pdf_seed,,,needs_boundary_filter,api_returned_needs_boundary_filter,medium,按公园和高德 POI ID 去重；仍需公园边界/入口节点过滤和现场营业核验。
AMAP-POI-0165,sample_olympic_forest,奥林匹克森林公园,B0L0GD2Y8K,雀咖啡QUE COFFEE,coffee;cold_drink,咖啡;冷饮,餐饮服务;咖啡厅;咖啡厅,050500,北辰西路与大屯路辅路交叉口东北120米,北辰,116.387425,40.003125,1773,1501-3000m,2.5,52.00,07:30-21:00,周一至周日 07:30-21:00,,os_coffee;os_cold_drink,not_in_pdf_seed,,,needs_boundary_filter,api_returned_needs_boundary_filter,medium,按公园和高德 POI ID 去重；仍需公园边界/入口节点过滤和现场营业核验。
AMAP-POI-0166,sample_olympic_forest,奥林匹克森林公园,B0L0P51I0N,茶花·瑜伽普拉提生活馆,yoga_pilates,普拉提,体育休闲服务;运动场馆;健身中心,080111,北苑媒体村天畅园3号楼1层底商107,北苑,116.416033,40.035657,2780,1501-3000m,4.5,41.00,10:00-21:00,周一至周日 10:00-21:00,,os_pilates,not_in_pdf_seed,,,needs_boundary_filter,api_returned_needs_boundary_filter,medium,按公园和高德 POI ID 去重；仍需公园边界/入口节点过滤和现场营业核验。
AMAP-POI-0167,sample_olympic_forest,奥林匹克森林公园,B0L0ZCFV4X,优布劳精酿酒馆(林奥店),night_dining_bar,酒吧,生活服务;生活服务场所;生活服务场所,070000,北京城区清林东路4号院12幢-2层-201内9001E,北苑,116.408375,40.033375,2145,1501-3000m,3.6,25.00,10:00-22:00,周一至周日 10:00-22:00,18310414373,os_bar,not_in_pdf_seed,,,needs_boundary_filter,api_returned_needs_boundary_filter,medium,按公园和高德 POI ID 去重；仍需公园边界/入口节点过滤和现场营业核验。
AMAP-POI-0168,sample_olympic_forest,奥林匹克森林公园,B0L119MDN9,优布劳精酿酒馆(北沙滩店),night_dining_bar,酒吧,体育休闲服务;娱乐场所;酒吧,080304,奥运村街道南沙滩66号院1号楼1层1-1,二里庄,116.374500,40.001129,2462,1501-3000m,3.7,,11:00-23:00,周一至周日 11:00-23:00,,os_bar,not_in_pdf_seed,,,needs_boundary_filter,api_returned_needs_boundary_filter,medium,按公园和高德 POI ID 去重；仍需公园边界/入口节点过滤和现场营业核验。
AMAP-POI-0169,sample_olympic_forest,奥林匹克森林公园,B0L14H1FH2,滋滋爆爆汁烤冷面,fast_food,小吃快餐,餐饮服务;中餐厅;中餐厅,050100,安立路辅路与大屯北路交叉口西北80米,北辰,116.407175,40.006125,1891,1501-3000m,3.5,,,,,os_fast_food,not_in_pdf_seed,,,needs_boundary_filter,api_returned_needs_boundary_filter,medium,按公园和高德 POI ID 去重；仍需公园边界/入口节点过滤和现场营业核验。
AMAP-POI-0170,sample_olympic_forest,奥林匹克森林公园,B0L14R30T9,V time音乐餐厅,restaurant,餐厅,餐饮服务;中餐厅;中餐厅,050100,北京城区慧忠北里105号楼BC段-1层,北辰,116.407404,40.007631,1786,1501-3000m,4.6,105.00,11:00-02:00,周一至周日 11:00-02:00,13248777798,os_restaurant,not_in_pdf_seed,,,needs_boundary_filter,api_returned_needs_boundary_filter,medium,按公园和高德 POI ID 去重；仍需公园边界/入口节点过滤和现场营业核验。
AMAP-POI-0171,sample_olympic_forest,奥林匹克森林公园,B0L176757S,肯悦咖啡科荟路,coffee,咖啡,餐饮服务;咖啡厅;咖啡厅,050500,林萃西里16号楼首层西侧,林萃,116.372032,40.009892,1972,1501-3000m,4.1,23.00,07:00-22:00,周一至周日 07:00-22:00,18911426857,os_coffee,not_in_pdf_seed,,,needs_boundary_filter,api_returned_needs_boundary_filter,medium,按公园和高德 POI ID 去重；仍需公园边界/入口节点过滤和现场营业核验。
AMAP-POI-0172,sample_olympic_forest,奥林匹克森林公园,B0L1OSO9A1,adidas KIDS(北投新奥购物中心店),sports_supply,运动装备,购物服务;专卖店;儿童用品店,061207,北京新奥天虹(奥林匹克公园地铁站B东北口步行60米),北辰,116.393943,40.000978,1971,1501-3000m,3.6,,,,,os_sports_supply,not_in_pdf_seed,,,needs_boundary_filter,api_returned_needs_boundary_filter,medium,按公园和高德 POI ID 去重；仍需公园边界/入口节点过滤和现场营业核验。
AMAP-POI-0173,sample_olympic_forest,奥林匹克森林公园,B0L1P561OA,库迪咖啡(朝阳仰山公园店),coffee;cold_drink,咖啡;冷饮,餐饮服务;咖啡厅;咖啡厅,050500,安立路30号仰山公园2号楼A座,,116.413025,40.016525,1794,1501-3000m,4.1,9.00,09:00-17:30,周一至周六 09:00-17:30,13051616268,os_coffee;os_cold_drink,not_in_pdf_seed,,,needs_boundary_filter,api_returned_needs_boundary_filter,medium,按公园和高德 POI ID 去重；仍需公园边界/入口节点过滤和现场营业核验。
AMAP-POI-0174,sample_olympic_forest,奥林匹克森林公园,B0L1XXSF9G,有里有面烧饼+里脊(华创生活广场店),fast_food,小吃快餐,餐饮服务;快餐厅;快餐厅|餐饮服务;中餐厅;中餐厅,050300|050100,林萃西里16号华创生活广场1层F1-32,林萃,116.372975,40.010025,1895,1501-3000m,4.0,7.00,08:00-20:00,周一至周日 08:00-20:00,,os_fast_food,not_in_pdf_seed,,,needs_boundary_filter,api_returned_needs_boundary_filter,medium,按公园和高德 POI ID 去重；仍需公园边界/入口节点过滤和现场营业核验。
AMAP-POI-0175,sample_olympic_forest,奥林匹克森林公园,B0L1YMD8Z7,三国茶火锅,restaurant,餐厅,餐饮服务;中餐厅;中餐厅,050100,北京城区安立路甲56号,亚运村,116.408384,40.007711,1841,1501-3000m,4.6,108.00,10:00-23:00,周一至周日 10:00-23:00,15011296558,os_restaurant,not_in_pdf_seed,,,needs_boundary_filter,api_returned_needs_boundary_filter,medium,按公园和高德 POI ID 去重；仍需公园边界/入口节点过滤和现场营业核验。
AMAP-POI-0176,sample_olympic_forest,奥林匹克森林公园,B0L21RTW0Z,扶谣民谣酒馆(大屯里商街店),night_dining_bar,酒吧,体育休闲服务;娱乐场所;酒吧,080304,大屯里313号楼1层1021室,亚运村,116.412855,40.003204,2462,1501-3000m,4.6,115.00,18:00-02:00,周一至周日 18:00-02:00,18593178420,os_bar,not_in_pdf_seed,,,needs_boundary_filter,api_returned_needs_boundary_filter,medium,按公园和高德 POI ID 去重；仍需公园边界/入口节点过滤和现场营业核验。
AMAP-POI-0177,sample_olympic_forest,奥林匹克森林公园,B0L25XE5KI,喜家德虾仁水饺(北辰荟店),fast_food,小吃快餐,餐饮服务;中餐厅;特色/地方风味餐厅,050118,北京城区北辰荟B1层101室,北辰,116.387508,40.003125,1771,1501-3000m,4.3,47.00,10:00-21:30,周一至周日 10:00-21:30,15510012023,os_fast_food,not_in_pdf_seed,,,needs_boundary_filter,api_returned_needs_boundary_filter,medium,按公园和高德 POI ID 去重；仍需公园边界/入口节点过滤和现场营业核验。
AMAP-POI-0178,sample_olympic_forest,奥林匹克森林公园,B0L2B5K9OY,JOY BALLET,night_dining_bar,酒吧,体育休闲服务;娱乐场所;酒吧,080304,慧忠北路与安立路辅路交叉口东100米,亚运村,116.409217,39.998718,2651,1501-3000m,2.8,,,,,os_bar,not_in_pdf_seed,,,needs_boundary_filter,api_returned_needs_boundary_filter,medium,按公园和高德 POI ID 去重；仍需公园边界/入口节点过滤和现场营业核验。
AMAP-POI-0179,sample_olympic_forest,奥林匹克森林公园,B0L2KSFTC1,三叶草(北投新奥购物中心店),sports_supply,运动装备,购物服务;体育用品店;体育用品店,060900,北京新奥天虹(奥林匹克公园地铁站B东北口步行60米),北辰,116.394240,40.001451,1921,1501-3000m,3.3,,,,,os_sports_supply,not_in_pdf_seed,,,needs_boundary_filter,api_returned_needs_boundary_filter,medium,按公园和高德 POI ID 去重；仍需公园边界/入口节点过滤和现场营业核验。
AMAP-POI-0180,sample_olympic_forest,奥林匹克森林公园,B0L2KSGCX8,FILA(北投新奥购物中心店),sports_supply,运动装备,购物服务;服装鞋帽皮具店;服装鞋帽皮具店,061100,北京新奥天虹(奥林匹克公园地铁站B东北口步行380米),北辰,116.395191,40.000911,1989,1501-3000m,4.0,,10:00-21:00,周一至周日 10:00-21:00,,os_sports_supply,not_in_pdf_seed,,,needs_boundary_filter,api_returned_needs_boundary_filter,medium,按公园和高德 POI ID 去重；仍需公园边界/入口节点过滤和现场营业核验。
AMAP-POI-0181,sample_olympic_forest,奥林匹克森林公园,B0L2S97BO2,深海电音烤吧,restaurant,餐厅,餐饮服务;中餐厅;中餐厅,050100,清林东路4号院林奥嘉园,,116.408337,40.033744,2175,1501-3000m,3.4,125.00,,,,os_restaurant,not_in_pdf_seed,,,needs_boundary_filter,api_returned_needs_boundary_filter,medium,按公园和高德 POI ID 去重；仍需公园边界/入口节点过滤和现场营业核验。
AMAP-POI-0182,sample_olympic_forest,奥林匹克森林公园,B0L2VR7WE4,鹰镇酒铺,night_dining_bar,酒吧,购物服务;专卖店;烟酒专卖店,061210,北京城区清林东路林奥购物中心东下沉广场(近麦当劳),北苑,116.409539,40.033801,2246,1501-3000m,4.4,90.00,18:00-02:00,周一至周日 18:00-02:00,13521591304,os_bar,not_in_pdf_seed,,,needs_boundary_filter,api_returned_needs_boundary_filter,medium,按公园和高德 POI ID 去重；仍需公园边界/入口节点过滤和现场营业核验。
AMAP-POI-0183,sample_olympic_forest,奥林匹克森林公园,B0L2VU809J,星巴克(北沙滩店),tea_drink,茶饮,餐饮服务;咖啡厅;咖啡厅,050500,北京城区天辰东路1号院亚洲金融大厦,林萃,116.374880,40.004752,2135,1501-3000m,4.0,30.00,08:00-17:00,周一至周五 08:00-17:00,010-82184821,os_tea,not_in_pdf_seed,,,needs_boundary_filter,api_returned_needs_boundary_filter,medium,按公园和高德 POI ID 去重；仍需公园边界/入口节点过滤和现场营业核验。
AMAP-POI-0184,sample_olympic_forest,奥林匹克森林公园,B0L2YLWFHE,平壤民达来烤肉·中朝友谊餐厅(国奥店),restaurant,餐厅,餐饮服务;外国餐厅;韩国料理,050203,北京城区林萃东路国奥中心B座北侧3层,鸟巢,116.380207,40.009298,1455,1001-1500m,4.6,280.00,11:00-14:00 17:00-22:00,"周一至周五 11:00-14:00,17:00-22:00；周六至周日 11:00-22:00",010-64853966,os_restaurant,not_in_pdf_seed,,,needs_boundary_filter,api_returned_needs_boundary_filter,medium,按公园和高德 POI ID 去重；仍需公园边界/入口节点过滤和现场营业核验。
AMAP-POI-0185,sample_olympic_forest,奥林匹克森林公园,B0L3FU53FH,肯德基车速取餐厅(科荟路店),restaurant,餐厅,餐饮服务;餐饮相关场所;餐饮相关,050000,林萃西里16号楼1层西侧,林萃,116.371659,40.009971,1996,1501-3000m,4.0,35.00,,,,os_restaurant,not_in_pdf_seed,,,needs_boundary_filter,api_returned_needs_boundary_filter,medium,按公园和高德 POI ID 去重；仍需公园边界/入口节点过滤和现场营业核验。
AMAP-POI-0186,sample_olympic_forest,奥林匹克森林公园,B0L3J5EAD7,惠北便民早市,convenience_retail,便利店,购物服务;便民商店/便利店;便民商店/便利店,060200,北辰东路与科荟南路交叉口东200米,北辰,116.402605,40.007448,1531,1501-3000m,3.6,,,,15801636123,os_convenience,not_in_pdf_seed,,,needs_boundary_filter,api_returned_needs_boundary_filter,medium,按公园和高德 POI ID 去重；仍需公园边界/入口节点过滤和现场营业核验。
AMAP-POI-0187,sample_olympic_forest,奥林匹克森林公园,B0L3JPD6LT,观想瑜伽&普拉提(亚运村店),yoga_pilates,瑜伽;普拉提,体育休闲服务;运动场馆;健身中心,080111,大屯街道慧忠里103号洛克时代中心A座5层503室,亚运村,116.406352,40.002137,2199,1501-3000m,4.1,,09:00-22:00,周一至周日 09:00-22:00,,os_yoga;os_pilates,not_in_pdf_seed,,,needs_boundary_filter,api_returned_needs_boundary_filter,medium,按公园和高德 POI ID 去重；仍需公园边界/入口节点过滤和现场营业核验。
AMAP-POI-0188,sample_olympic_forest,奥林匹克森林公园,B0L3M9OPKH,LINLEE林里·手打柠檬茶(朝阳大屯里店),tea_drink,茶饮,餐饮服务;休闲餐饮场所;休闲餐饮场所,050400,北京城区北京城区大屯街道大屯里313号B1层50号,亚运村,116.411225,40.003125,2371,1501-3000m,4.2,18.00,09:00-24:00,周一至周日 09:00-24:00,18547088872,os_tea,not_in_pdf_seed,,,needs_boundary_filter,api_returned_needs_boundary_filter,medium,按公园和高德 POI ID 去重；仍需公园边界/入口节点过滤和现场营业核验。
AMAP-POI-0189,sample_olympic_forest,奥林匹克森林公园,B0L3TD7RVP,李连贵熏肉大饼,fast_food,小吃快餐,餐饮服务;餐饮相关场所;餐饮相关,050000,北京城区林萃路林萃西里16号楼,林萃,116.370891,40.017425,1818,1501-3000m,3.7,49.00,09:00-21:00,周一至周日 09:00-21:00,,os_fast_food,not_in_pdf_seed,,,needs_boundary_filter,api_returned_needs_boundary_filter,medium,按公园和高德 POI ID 去重；仍需公园边界/入口节点过滤和现场营业核验。
AMAP-POI-0190,sample_olympic_forest,奥林匹克森林公园,B0L3X50L1E,赛百味(北顶奥森店),fast_food,小吃快餐,餐饮服务;快餐厅;快餐厅,050300,林萃路4号,,116.381425,40.016925,934,501-1000m,2.5,27.00,08:30-19:00,周一至周五 08:30-19:00；周六至周日 08:30-20:00,,os_fast_food,not_in_pdf_seed,,,needs_boundary_filter,api_returned_needs_boundary_filter,medium,按公园和高德 POI ID 去重；仍需公园边界/入口节点过滤和现场营业核验。
AMAP-POI-0191,sample_olympic_forest,奥林匹克森林公园,B0L6D6NXTT,MONA莫纳瑜伽(林奥CITY PARK购物中心店),yoga_pilates,瑜伽,体育休闲服务;运动场馆;健身中心,080111,清林东路4号院8号楼2层205内003,北苑,116.409373,40.034113,2263,1501-3000m,4.5,246.00,10:00-22:00,周一至周日 10:00-22:00,17600708055,os_yoga,not_in_pdf_seed,,,needs_boundary_filter,api_returned_needs_boundary_filter,medium,按公园和高德 POI ID 去重；仍需公园边界/入口节点过滤和现场营业核验。
AMAP-POI-0192,sample_olympic_forest,奥林匹克森林公园,B0L6MYQM1Y,广慈中医文创体验馆(鸟巢店),cultural_creative,文创,购物服务;购物相关场所;购物相关场所,060000,国家体育场东北入口1号安检口鸟巢文化中心G层,北辰,116.396953,39.994694,2696,1501-3000m,3.5,,,,,os_cultural_creative,not_in_pdf_seed,,,needs_boundary_filter,api_returned_needs_boundary_filter,medium,按公园和高德 POI ID 去重；仍需公园边界/入口节点过滤和现场营业核验。
AMAP-POI-0193,sample_olympic_forest,奥林匹克森林公园,B0L6NATC3U,阿迪达斯(北投新奥购物中心店),sports_supply,运动装备,购物服务;购物相关场所;购物相关场所,060000,湖景东路11号新奥天虹地下2层,北辰,116.393975,40.001225,1944,1501-3000m,4.1,,10:00-22:00,周一至周日 10:00-22:00,,os_sports_supply,not_in_pdf_seed,,,needs_boundary_filter,api_returned_needs_boundary_filter,medium,按公园和高德 POI ID 去重；仍需公园边界/入口节点过滤和现场营业核验。
AMAP-POI-0194,sample_olympic_forest,奥林匹克森林公园,B0LAHCIPW0,布同新派北京炸酱面(北辰荟店),fast_food,小吃快餐,餐饮服务;中餐厅;中餐厅,050100,奥运村街道北辰西路6号院1号楼北辰荟购物中心地下一层B109号商铺,北辰,116.387540,40.003281,1754,1501-3000m,4.4,29.00,10:30-21:00,周一至周日 10:30-21:00 2026-02-15至2026-02-23 全天关闭,13811888325,os_fast_food,not_in_pdf_seed,,,needs_boundary_filter,api_returned_needs_boundary_filter,medium,按公园和高德 POI ID 去重；仍需公园边界/入口节点过滤和现场营业核验。
AMAP-POI-0195,sample_olympic_forest,奥林匹克森林公园,B0LAL7LJS5,满堂 京菜烤鸭(国奥店),restaurant,餐厅,餐饮服务;中餐厅;中餐厅,050100,北京城区林萃路林萃西里16号楼华创生活广场(林萃路店)4F层,林萃,116.372743,40.009979,1915,1501-3000m,4.8,112.00,11:00-22:00,周一至周日 11:00-22:00,15010798518,os_restaurant,not_in_pdf_seed,,,needs_boundary_filter,api_returned_needs_boundary_filter,medium,按公园和高德 POI ID 去重；仍需公园边界/入口节点过滤和现场营业核验。
AMAP-POI-0196,sample_olympic_forest,奥林匹克森林公园,B0LD2HPK0I,MULA SHALA木拉瑜伽•普拉提(北苑店),yoga_pilates,瑜伽;普拉提,体育休闲服务;运动场馆;健身中心,080111,北京城区天朗园C座2层02商业2-041(便利蜂左手边步梯上二楼),北苑,116.414157,40.031833,2382,1501-3000m,3.9,,,,18612332455,os_yoga;os_pilates,not_in_pdf_seed,,,needs_boundary_filter,api_returned_needs_boundary_filter,medium,按公园和高德 POI ID 去重；仍需公园边界/入口节点过滤和现场营业核验。
AMAP-POI-0197,sample_olympic_forest,奥林匹克森林公园,B0LD9U3VSH,The Moment Pilates此刻普拉提工作室,yoga_pilates,瑜伽;普拉提,体育休闲服务;运动场馆;健身中心,080111,金泉汇(金泉时代)三单元817室,北辰,116.415457,40.005115,2492,1501-3000m,3.6,,09:00-21:00,周一至周日 09:00-21:00,18611921024,os_yoga;os_pilates,not_in_pdf_seed,,,needs_boundary_filter,api_returned_needs_boundary_filter,medium,按公园和高德 POI ID 去重；仍需公园边界/入口节点过滤和现场营业核验。
AMAP-POI-0198,sample_olympic_forest,奥林匹克森林公园,B0LDGHBM6B,中奥便利店,convenience_retail,便利店,购物服务;便民商店/便利店;便民商店/便利店,060200,慧忠北里222号楼一3至15层101号1层0117,北辰,116.400675,40.008675,1325,1001-1500m,3.9,,,,13681024608;17301201668,os_convenience,not_in_pdf_seed,,,needs_boundary_filter,api_returned_needs_boundary_filter,medium,按公园和高德 POI ID 去重；仍需公园边界/入口节点过滤和现场营业核验。
AMAP-POI-0199,sample_olympic_forest,奥林匹克森林公园,B0LDXUI1Y2,库迪咖啡(上品奥运村店),tea_drink,茶饮,餐饮服务;餐饮相关场所;餐饮相关,050000,北京城区北苑路甲13号院2号楼1层101内F1-073,北苑,116.416889,40.031002,2517,1501-3000m,4.3,9.00,07:30-21:00,周一至周日 07:30-21:00,13811700660,os_tea,not_in_pdf_seed,,,needs_boundary_filter,api_returned_needs_boundary_filter,medium,按公园和高德 POI ID 去重；仍需公园边界/入口节点过滤和现场营业核验。
AMAP-POI-0200,sample_olympic_forest,奥林匹克森林公园,B0LGLLL2ZX,Prince国家网球中心店,sports_supply,运动装备,体育休闲服务;娱乐场所;娱乐场所,080300,国家网球中心底商Prince,,116.378074,40.019768,1207,1001-1500m,3.9,,10:00-20:00,周一至周日 10:00-20:00,13269741093,os_sports_supply,not_in_pdf_seed,,,needs_boundary_filter,api_returned_needs_boundary_filter,medium,按公园和高德 POI ID 去重；仍需公园边界/入口节点过滤和现场营业核验。
AMAP-POI-0201,sample_olympic_forest,奥林匹克森林公园,B0LGXZDJ6R,家膳餐厅(亚洲金融大厦店),restaurant,餐厅,餐饮服务;餐饮相关场所;餐饮相关,050000,天辰东路1号院亚洲金融大厦B1层,北辰,116.389075,40.007425,1275,1001-1500m,3.9,31.00,07:30-19:30,周一至周日 07:30-19:30,17600708661,os_restaurant,not_in_pdf_seed,,,needs_boundary_filter,api_returned_needs_boundary_filter,medium,按公园和高德 POI ID 去重；仍需公园边界/入口节点过滤和现场营业核验。
AMAP-POI-0202,sample_olympic_forest,奥林匹克森林公园,B0LK6DK893,龙井川面·糖水铺(北辰荟店),cold_drink,冷饮,餐饮服务;中餐厅;中餐厅,050100,大屯北路与天辰西路交叉口西60米,北辰,116.387825,40.004575,1608,1501-3000m,2.5,42.00,11:30-19:00,周一至周日 11:30-19:00,13121920455,os_cold_drink,not_in_pdf_seed,,,needs_boundary_filter,api_returned_needs_boundary_filter,medium,按公园和高德 POI ID 去重；仍需公园边界/入口节点过滤和现场营业核验。
AMAP-POI-0203,sample_olympic_forest,奥林匹克森林公园,B0LKDOOFK5,石叶米道焖面,fast_food,小吃快餐,餐饮服务;中餐厅;中餐厅,050100,安立路辅路与大屯北路交叉口西北80米,北辰,116.407175,40.006275,1879,1501-3000m,2.8,,,,,os_fast_food,not_in_pdf_seed,,,needs_boundary_filter,api_returned_needs_boundary_filter,medium,按公园和高德 POI ID 去重；仍需公园边界/入口节点过滤和现场营业核验。
AMAP-POI-0204,sample_olympic_forest,奥林匹克森林公园,B0LKJ142VO,Moon bar(亚运村店),night_dining_bar,酒吧,体育休闲服务;娱乐场所;酒吧,080304,大屯街道安慧北里逸园2号楼-01层6号,北辰,116.417186,40.000698,2922,1501-3000m,4.3,117.00,19:00-03:00,周一至周日 19:00-03:00,,os_bar,not_in_pdf_seed,,,needs_boundary_filter,api_returned_needs_boundary_filter,medium,按公园和高德 POI ID 去重；仍需公园边界/入口节点过滤和现场营业核验。
AMAP-POI-0205,sample_olympic_forest,奥林匹克森林公园,B0LKM75WK0,好食多优选超市(景龙国际店),convenience_retail,便利店,购物服务;便民商店/便利店;便民商店/便利店,060200,北京城区拂林路9号景龙国际一层底商好食多优选超市,北苑,116.413625,40.023675,1914,1501-3000m,3.6,,09:00-21:00,周一至周日 09:00-21:00,010-84937004,os_convenience,not_in_pdf_seed,,,needs_boundary_filter,api_returned_needs_boundary_filter,medium,按公园和高德 POI ID 去重；仍需公园边界/入口节点过滤和现场营业核验。
AMAP-POI-0206,sample_olympic_forest,奥林匹克森林公园,B0LR0OPBFA,奥北餐厅,restaurant,餐厅,餐饮服务;中餐厅;中餐厅,050100,科荟南路与北辰西路交叉口西200米,北辰,116.384075,40.006525,1514,1501-3000m,3.9,,,,,os_restaurant,not_in_pdf_seed,,,needs_boundary_filter,api_returned_needs_boundary_filter,medium,按公园和高德 POI ID 去重；仍需公园边界/入口节点过滤和现场营业核验。
AMAP-POI-0207,sample_olympic_forest,奥林匹克森林公园,B0LRK5GXKD,7-ELEVEn(倚林佳园店),convenience_retail,便利店,购物服务;便民商店/便利店;便民商店/便利店,060200,倚林佳园,林萃,116.371583,40.013679,1838,1501-3000m,3.9,,24小时营业,周一至周日 00:00-24:00,,os_convenience,not_in_pdf_seed,,,needs_boundary_filter,api_returned_needs_boundary_filter,medium,按公园和高德 POI ID 去重；仍需公园边界/入口节点过滤和现场营业核验。
AMAP-POI-0208,sample_olympic_forest,奥林匹克森林公园,B0LRMHXMDD,瑞幸咖啡(大屯北路店),coffee;cold_drink,咖啡;冷饮,餐饮服务;餐饮相关场所;餐饮相关,050000,北京城区慧忠北里111号金利大厦,北辰,116.405769,40.005534,1863,1501-3000m,4.3,13.00,07:00-21:30,周一至周日 07:00-21:30,4000100100,os_coffee;os_cold_drink,not_in_pdf_seed,,,needs_boundary_filter,api_returned_needs_boundary_filter,medium,按公园和高德 POI ID 去重；仍需公园边界/入口节点过滤和现场营业核验。
AMAP-POI-0209,sample_olympic_forest,奥林匹克森林公园,B0LRMRYRJC,MINI-CO小咖咖啡(北京清控人居大厦店),coffee;cold_drink,咖啡;冷饮,餐饮服务;咖啡厅;咖啡厅,050500,大屯北路74号清控人居大厦1层,北辰,116.401016,40.008968,1314,1001-1500m,4.1,16.00,07:30-18:00,周一至周五 07:30-18:00；周六至周日 09:00-18:10,15712896761,os_coffee;os_cold_drink,not_in_pdf_seed,,,needs_boundary_filter,api_returned_needs_boundary_filter,medium,按公园和高德 POI ID 去重；仍需公园边界/入口节点过滤和现场营业核验。
AMAP-POI-0210,sample_olympic_forest,奥林匹克森林公园,B0LRU5DQZ3,茉莉奶白(北京新奥天虹店),cold_drink,冷饮,餐饮服务;冷饮店;冷饮店,050700,湖景东路9号北投新奥购物中心C区H1层,北辰,116.394576,40.001588,1908,1501-3000m,4.5,19.00,10:00-22:00,周一至周日 10:00-22:00,18610635825,os_cold_drink,not_in_pdf_seed,,,needs_boundary_filter,api_returned_needs_boundary_filter,medium,按公园和高德 POI ID 去重；仍需公园边界/入口节点过滤和现场营业核验。
AMAP-POI-0211,sample_olympic_forest,奥林匹克森林公园,B0LUYZPNOO,麦当劳(国奥中心B座店),fast_food,小吃快餐,餐饮服务;餐饮相关场所;餐饮相关,050000,林翠东路1号院国奥中心B座F1层,鸟巢,116.380677,40.009325,1425,1001-1500m,4.5,25.00,06:00-22:00,周一至周日 06:00-22:00,010-56014659,os_fast_food,not_in_pdf_seed,,,needs_boundary_filter,api_returned_needs_boundary_filter,medium,按公园和高德 POI ID 去重；仍需公园边界/入口节点过滤和现场营业核验。
AMAP-POI-0212,sample_olympic_forest,奥林匹克森林公园,B0M61HH43Y,泱Pilates·普拉提·人类返厂维修中心,yoga_pilates,普拉提,体育休闲服务;运动场馆;健身中心,080111,大屯里317号金泉汇1单元2801室,亚运村,116.415675,40.005475,2483,1501-3000m,4.0,505.00,08:00-21:00,周一至周日 08:00-21:00,,os_pilates,not_in_pdf_seed,,,needs_boundary_filter,api_returned_needs_boundary_filter,medium,按公园和高德 POI ID 去重；仍需公园边界/入口节点过滤和现场营业核验。
AMAP-POI-0213,sample_olympic_forest,奥林匹克森林公园,B0M66SA0XV,粤式风味足料猪脚饭餐室,fast_food,小吃快餐,餐饮服务;中餐厅;中餐厅,050100,华创生活广场,林萃,116.373025,40.010225,1880,1501-3000m,3.1,,,,,os_fast_food,not_in_pdf_seed,,,needs_boundary_filter,api_returned_needs_boundary_filter,medium,按公园和高德 POI ID 去重；仍需公园边界/入口节点过滤和现场营业核验。
AMAP-POI-0214,sample_olympic_forest,奥林匹克森林公园,B0M6D18D66,陨石精酿(奥森店),night_dining_bar,酒吧,体育休闲服务;娱乐场所;酒吧,080304,奥运村街道上林世家小区10号楼1层,林萃,116.373671,40.017920,1578,1501-3000m,3.9,154.00,11:00-14:00 16:30-24:00,"周一至周日 11:00-14:00,16:30-24:00",13911223447,os_bar,not_in_pdf_seed,,,needs_boundary_filter,api_returned_needs_boundary_filter,medium,按公园和高德 POI ID 去重；仍需公园边界/入口节点过滤和现场营业核验。
AMAP-POI-0215,sample_olympic_forest,奥林匹克森林公园,B0M6FSXMLC,提雅普拉提Tiaya Pilates瑜伽(南沙滩店),yoga_pilates,瑜伽;普拉提,体育休闲服务;运动场馆;健身中心,080111,科学园南里西街与南沙滩东路交叉口南40米,二里庄,116.378413,39.997020,2676,1501-3000m,2.6,,,,,os_yoga;os_pilates,not_in_pdf_seed,,,needs_boundary_filter,api_returned_needs_boundary_filter,medium,按公园和高德 POI ID 去重；仍需公园边界/入口节点过滤和现场营业核验。
AMAP-POI-0216,sample_olympic_forest,奥林匹克森林公园,B0M6HZ9V2D,羿刻互动·凡小瑜伽普拉提(宝盛里店),yoga_pilates,普拉提,体育休闲服务;运动场馆;健身中心,080111,宝盛里1号楼1层035号,清河,116.369700,40.036346,2748,1501-3000m,4.1,263.00,09:00-21:00,周一至周日 09:00-21:00,,os_pilates,not_in_pdf_seed,,,needs_boundary_filter,api_returned_needs_boundary_filter,medium,按公园和高德 POI ID 去重；仍需公园边界/入口节点过滤和现场营业核验。
AMAP-POI-0217,sample_olympic_forest,奥林匹克森林公园,B0M6PRN0BF,即醒咖啡,coffee;cold_drink,咖啡;冷饮,餐饮服务;咖啡厅;咖啡厅,050500,大屯北路与湖景东路交叉口东140米,北辰,116.398325,40.004825,1624,1501-3000m,2.5,,10:00-20:30,周一至周日 10:00-20:30,17600299780,os_coffee;os_cold_drink,not_in_pdf_seed,,,needs_boundary_filter,api_returned_needs_boundary_filter,medium,按公园和高德 POI ID 去重；仍需公园边界/入口节点过滤和现场营业核验。
AMAP-POI-0218,sample_olympic_forest,奥林匹克森林公园,B0M6PYL4O4,Funplus,night_dining_bar,酒吧,体育休闲服务;娱乐场所;酒吧,080304,北辰西路8号院2号楼北辰世纪中心A座,北辰,116.387930,40.000352,2066,1501-3000m,4.0,,,,,os_bar,not_in_pdf_seed,,,needs_boundary_filter,api_returned_needs_boundary_filter,medium,按公园和高德 POI ID 去重；仍需公园边界/入口节点过滤和现场营业核验。
AMAP-POI-0219,sample_olympic_forest,奥林匹克森林公园,B0M6RL3FJZ,玖幺玖·民谣酒馆,night_dining_bar,酒吧,体育休闲服务;娱乐场所;酒吧|餐饮服务;餐饮相关场所;餐饮相关,080304|050000,奥运村街道新奥购物中心下沉广场,北辰,116.393725,40.001275,1937,1501-3000m,4.6,69.00,10:00-01:00,周一至周日 10:00-01:00,13910212580,os_bar,not_in_pdf_seed,,,needs_boundary_filter,api_returned_needs_boundary_filter,medium,按公园和高德 POI ID 去重；仍需公园边界/入口节点过滤和现场营业核验。
AMAP-POI-0220,sample_olympic_forest,奥林匹克森林公园,B0M6TR642V,梵怡瑜伽·舞蹈普拉提,yoga_pilates,瑜伽;普拉提,体育休闲服务;运动场馆;健身中心,080111,拂林北路与红军营南路辅路交叉口东100米,,116.414575,40.033225,2507,1501-3000m,3.1,125.00,,,,os_yoga;os_pilates,not_in_pdf_seed,,,needs_boundary_filter,api_returned_needs_boundary_filter,medium,按公园和高德 POI ID 去重；仍需公园边界/入口节点过滤和现场营业核验。
AMAP-POI-0221,sample_olympic_forest,奥林匹克森林公园,B0M6TR653C,团购便利店(北沙滩8号院),convenience_retail,便利店,购物服务;便民商店/便利店;便民商店/便利店,060200,北沙滩8号院东门右转20米,林萃,116.375044,40.007113,1942,1501-3000m,3.1,,12:30-21:00,周一至周日 12:30-21:00,13718268688,os_convenience,not_in_pdf_seed,,,needs_boundary_filter,api_returned_needs_boundary_filter,medium,按公园和高德 POI ID 去重；仍需公园边界/入口节点过滤和现场营业核验。
AMAP-POI-0222,sample_olympic_forest,奥林匹克森林公园,B0M6XSOPZI,小厨快餐,fast_food,小吃快餐,餐饮服务;快餐厅;快餐厅,050300,科荟南路与天辰西路交叉口西40米,北辰,116.387925,40.006975,1347,1001-1500m,2.3,30.00,,,,os_fast_food,not_in_pdf_seed,,,needs_boundary_filter,api_returned_needs_boundary_filter,medium,按公园和高德 POI ID 去重；仍需公园边界/入口节点过滤和现场营业核验。
AMAP-POI-0223,sample_olympic_forest,奥林匹克森林公园,B0M6ZA0EU3,杭小满鲜牛肉面馆(北京北辰荟店),fast_food,小吃快餐,餐饮服务;中餐厅;中餐厅,050100,北京城区北京城区北辰西路6号院北辰荟购物中心B1层106号,北辰,116.387525,40.003025,1782,1501-3000m,4.2,45.00,10:00-22:00,周一至周日 10:00-22:00,15110082606,os_fast_food,not_in_pdf_seed,,,needs_boundary_filter,api_returned_needs_boundary_filter,medium,按公园和高德 POI ID 去重；仍需公园边界/入口节点过滤和现场营业核验。
AMAP-POI-0224,sample_olympic_forest,奥林匹克森林公园,B0MBA7AQA2,YONEX尤尼克斯(林奥店),sports_supply,运动装备,体育休闲服务;体育休闲服务场所;体育休闲服务场所,080000,北京城区北京城区清林东路林奥CITY PARK购物中心1层6101号,北苑,116.407222,40.033048,2055,1501-3000m,3.9,,09:00-22:00,周一至周日 09:00-22:00,13071138359,os_sports_supply,not_in_pdf_seed,,,needs_boundary_filter,api_returned_needs_boundary_filter,medium,按公园和高德 POI ID 去重；仍需公园边界/入口节点过滤和现场营业核验。
AMAP-POI-0225,sample_olympic_forest,奥林匹克森林公园,B0MBHLIN62,微醺巴士promax,night_dining_bar,酒吧,体育休闲服务;娱乐场所;酒吧,080304,林奥CITY PARK购物中心,,116.409825,40.033325,2223,1501-3000m,3.1,,,,,os_bar,not_in_pdf_seed,,,needs_boundary_filter,api_returned_needs_boundary_filter,medium,按公园和高德 POI ID 去重；仍需公园边界/入口节点过滤和现场营业核验。
AMAP-POI-0226,sample_olympic_forest,奥林匹克森林公园,B0MBS7EIP0,瑞幸咖啡(奥林匹克公园地铁站E口店),coffee,咖啡,餐饮服务;休闲餐饮场所;休闲餐饮场所,050400,北京城区天辰东路12号1幢B1层102内c6号,北辰,116.392391,40.000977,1965,1501-3000m,4.2,13.00,,,4000100100,os_coffee,not_in_pdf_seed,,,needs_boundary_filter,api_returned_needs_boundary_filter,medium,按公园和高德 POI ID 去重；仍需公园边界/入口节点过滤和现场营业核验。
AMAP-POI-0227,sample_olympic_forest,奥林匹克森林公园,B0MBYG4I35,cuka club(飘亮购物中心店),night_dining_bar,酒吧,体育休闲服务;娱乐场所;酒吧,080304,亚运村大屯街道安立路68号太阳飘亮购物中心,亚运村,116.408646,39.997764,2715,1501-3000m,2.7,107.00,,,,os_bar,not_in_pdf_seed,,,needs_boundary_filter,api_returned_needs_boundary_filter,medium,按公园和高德 POI ID 去重；仍需公园边界/入口节点过滤和现场营业核验。
